,date,Rates
0,2012-01-02,
1,2012-01-03,0.02
2,2012-01-04,0.02
3,2012-01-05,0.02
4,2012-01-06,0.02
5,2012-01-07,
6,2012-01-08,
7,2012-01-09,0.01
8,2012-01-10,0.02
9,2012-01-11,0.02
10,2012-01-12,0.03
11,2012-01-13,0.03
12,2012-01-14,
13,2012-01-15,
14,2012-01-16,
15,2012-01-17,0.03
16,2012-01-18,0.03
17,2012-01-19,0.05
18,2012-01-20,0.05
19,2012-01-21,
20,2012-01-22,
21,2012-01-23,0.04
22,2012-01-24,0.04
23,2012-01-25,0.04
24,2012-01-26,0.05
25,2012-01-27,0.06
26,2012-01-28,
27,2012-01-29,
28,2012-01-30,0.05
29,2012-01-31,0.06
30,2012-02-01,0.06
31,2012-02-02,0.08
32,2012-02-03,0.08
33,2012-02-04,
34,2012-02-05,
35,2012-02-06,0.08
36,2012-02-07,0.08
37,2012-02-08,0.09
38,2012-02-09,0.09
39,2012-02-10,0.09
40,2012-02-11,
41,2012-02-12,
42,2012-02-13,0.11
43,2012-02-14,0.12
44,2012-02-15,0.11
45,2012-02-16,0.1
46,2012-02-17,0.09
47,2012-02-18,
48,2012-02-19,
49,2012-02-20,
50,2012-02-21,0.08
51,2012-02-22,0.09
52,2012-02-23,0.09
53,2012-02-24,0.1
54,2012-02-25,
55,2012-02-26,
56,2012-02-27,0.12
57,2012-02-28,0.1
58,2012-02-29,0.08
59,2012-03-01,0.08
60,2012-03-02,0.07
61,2012-03-03,
62,2012-03-04,
63,2012-03-05,0.08
64,2012-03-06,0.08
65,2012-03-07,0.08
66,2012-03-08,0.08
67,2012-03-09,0.09
68,2012-03-10,
69,2012-03-11,
70,2012-03-12,0.09
71,2012-03-13,0.08
72,2012-03-14,0.09
73,2012-03-15,0.08
74,2012-03-16,0.09
75,2012-03-17,
76,2012-03-18,
77,2012-03-19,0.1
78,2012-03-20,0.1
79,2012-03-21,0.09
80,2012-03-22,0.08
81,2012-03-23,0.08
82,2012-03-24,
83,2012-03-25,
84,2012-03-26,0.09
85,2012-03-27,0.09
86,2012-03-28,0.09
87,2012-03-29,0.07
88,2012-03-30,0.07
89,2012-03-31,
90,2012-04-01,
91,2012-04-02,0.08
92,2012-04-03,0.08
93,2012-04-04,0.08
94,2012-04-05,0.08
95,2012-04-06,0.07
96,2012-04-07,
97,2012-04-08,
98,2012-04-09,0.09
99,2012-04-10,0.09
100,2012-04-11,0.09
101,2012-04-12,0.09
102,2012-04-13,0.09
103,2012-04-14,
104,2012-04-15,
105,2012-04-16,0.08
106,2012-04-17,0.08
107,2012-04-18,0.07
108,2012-04-19,0.07
109,2012-04-20,0.08
110,2012-04-21,
111,2012-04-22,
112,2012-04-23,0.08
113,2012-04-24,0.09
114,2012-04-25,0.09
115,2012-04-26,0.09
116,2012-04-27,0.09
117,2012-04-28,
118,2012-04-29,
119,2012-04-30,0.1
120,2012-05-01,0.09
121,2012-05-02,0.08
122,2012-05-03,0.09
123,2012-05-04,0.07
124,2012-05-05,
125,2012-05-06,
126,2012-05-07,0.1
127,2012-05-08,0.09
128,2012-05-09,0.09
129,2012-05-10,0.1
130,2012-05-11,0.1
131,2012-05-12,
132,2012-05-13,
133,2012-05-14,0.1
134,2012-05-15,0.09
135,2012-05-16,0.1
136,2012-05-17,0.1
137,2012-05-18,0.08
138,2012-05-19,
139,2012-05-20,
140,2012-05-21,0.09
141,2012-05-22,0.09
142,2012-05-23,0.09
143,2012-05-24,0.1
144,2012-05-25,0.09
145,2012-05-26,
146,2012-05-27,
147,2012-05-28,
148,2012-05-29,0.09
149,2012-05-30,0.07
150,2012-05-31,0.07
151,2012-06-01,0.07
152,2012-06-02,
153,2012-06-03,
154,2012-06-04,0.08
155,2012-06-05,0.08
156,2012-06-06,0.09
157,2012-06-07,0.09
158,2012-06-08,0.09
159,2012-06-09,
160,2012-06-10,
161,2012-06-11,0.09
162,2012-06-12,0.1
163,2012-06-13,0.1
164,2012-06-14,0.11
165,2012-06-15,0.09
166,2012-06-16,
167,2012-06-17,
168,2012-06-18,0.1
169,2012-06-19,0.09
170,2012-06-20,0.09
171,2012-06-21,0.09
172,2012-06-22,0.09
173,2012-06-23,
174,2012-06-24,
175,2012-06-25,0.1
176,2012-06-26,0.1
177,2012-06-27,0.09
178,2012-06-28,0.09
179,2012-06-29,0.09
180,2012-06-30,
181,2012-07-01,
182,2012-07-02,0.1
183,2012-07-03,0.09
184,2012-07-04,
185,2012-07-05,0.08
186,2012-07-06,0.08
187,2012-07-07,
188,2012-07-08,
189,2012-07-09,0.09
190,2012-07-10,0.09
191,2012-07-11,0.1
192,2012-07-12,0.1
193,2012-07-13,0.1
194,2012-07-14,
195,2012-07-15,
196,2012-07-16,0.1
197,2012-07-17,0.1
198,2012-07-18,0.09
199,2012-07-19,0.09
200,2012-07-20,0.09
201,2012-07-21,
202,2012-07-22,
203,2012-07-23,0.1
204,2012-07-24,0.1
205,2012-07-25,0.1
206,2012-07-26,0.11
207,2012-07-27,0.11
208,2012-07-28,
209,2012-07-29,
210,2012-07-30,0.11
211,2012-07-31,0.11
212,2012-08-01,0.1
213,2012-08-02,0.09
214,2012-08-03,0.09
215,2012-08-04,
216,2012-08-05,
217,2012-08-06,0.1
218,2012-08-07,0.11
219,2012-08-08,0.11
220,2012-08-09,0.11
221,2012-08-10,0.1
222,2012-08-11,
223,2012-08-12,
224,2012-08-13,0.11
225,2012-08-14,0.11
226,2012-08-15,0.09
227,2012-08-16,0.09
228,2012-08-17,0.09
229,2012-08-18,
230,2012-08-19,
231,2012-08-20,0.11
232,2012-08-21,0.11
233,2012-08-22,0.11
234,2012-08-23,0.11
235,2012-08-24,0.1
236,2012-08-25,
237,2012-08-26,
238,2012-08-27,0.11
239,2012-08-28,0.1
240,2012-08-29,0.12
241,2012-08-30,0.1
242,2012-08-31,0.09
243,2012-09-01,
244,2012-09-02,
245,2012-09-03,
246,2012-09-04,0.1
247,2012-09-05,0.11
248,2012-09-06,0.11
249,2012-09-07,0.11
250,2012-09-08,
251,2012-09-09,
252,2012-09-10,0.1
253,2012-09-11,0.1
254,2012-09-12,0.1
255,2012-09-13,0.1
256,2012-09-14,0.11
257,2012-09-15,
258,2012-09-16,
259,2012-09-17,0.11
260,2012-09-18,0.1
261,2012-09-19,0.11
262,2012-09-20,0.11
263,2012-09-21,0.11
264,2012-09-22,
265,2012-09-23,
266,2012-09-24,0.11
267,2012-09-25,0.11
268,2012-09-26,0.11
269,2012-09-27,0.09
270,2012-09-28,0.1
271,2012-09-29,
272,2012-09-30,
273,2012-10-01,0.09
274,2012-10-02,0.09
275,2012-10-03,0.09
276,2012-10-04,0.1
277,2012-10-05,0.11
278,2012-10-06,
279,2012-10-07,
280,2012-10-08,
281,2012-10-09,0.1
282,2012-10-10,0.1
283,2012-10-11,0.1
284,2012-10-12,0.11
285,2012-10-13,
286,2012-10-14,
287,2012-10-15,0.11
288,2012-10-16,0.09
289,2012-10-17,0.11
290,2012-10-18,0.1
291,2012-10-19,0.1
292,2012-10-20,
293,2012-10-21,
294,2012-10-22,0.1
295,2012-10-23,0.11
296,2012-10-24,0.11
297,2012-10-25,0.11
298,2012-10-26,0.12
299,2012-10-27,
300,2012-10-28,
301,2012-10-29,0.14
302,2012-10-30,
303,2012-10-31,0.11
304,2012-11-01,0.09
305,2012-11-02,0.09
306,2012-11-03,
307,2012-11-04,
308,2012-11-05,0.11
309,2012-11-06,0.1
310,2012-11-07,0.1
311,2012-11-08,0.1
312,2012-11-09,0.09
313,2012-11-10,
314,2012-11-11,
315,2012-11-12,
316,2012-11-13,0.11
317,2012-11-14,0.1
318,2012-11-15,0.08
319,2012-11-16,0.06
320,2012-11-17,
321,2012-11-18,
322,2012-11-19,0.09
323,2012-11-20,0.08
324,2012-11-21,0.1
325,2012-11-22,
326,2012-11-23,0.1
327,2012-11-24,
328,2012-11-25,
329,2012-11-26,0.1
330,2012-11-27,0.1
331,2012-11-28,0.1
332,2012-11-29,0.09
333,2012-11-30,0.08
334,2012-12-01,
335,2012-12-02,
336,2012-12-03,0.1
337,2012-12-04,0.1
338,2012-12-05,0.1
339,2012-12-06,0.1
340,2012-12-07,0.09
341,2012-12-08,
342,2012-12-09,
343,2012-12-10,0.09
344,2012-12-11,0.08
345,2012-12-12,0.07
346,2012-12-13,0.06
347,2012-12-14,0.04
348,2012-12-15,
349,2012-12-16,
350,2012-12-17,0.05
351,2012-12-18,0.06
352,2012-12-19,0.05
353,2012-12-20,0.06
354,2012-12-21,0.06
355,2012-12-22,
356,2012-12-23,
357,2012-12-24,0.06
358,2012-12-25,
359,2012-12-26,0.09
360,2012-12-27,0.08
361,2012-12-28,0.01
362,2012-12-29,
363,2012-12-30,
364,2012-12-31,0.05
365,2013-01-01,
366,2013-01-02,0.08
367,2013-01-03,0.08
368,2013-01-04,0.07
369,2013-01-05,
370,2013-01-06,
371,2013-01-07,0.07
372,2013-01-08,0.07
373,2013-01-09,0.06
374,2013-01-10,0.06
375,2013-01-11,0.07
376,2013-01-12,
377,2013-01-13,
378,2013-01-14,0.08
379,2013-01-15,0.09
380,2013-01-16,0.08
381,2013-01-17,0.07
382,2013-01-18,0.08
383,2013-01-19,
384,2013-01-20,
385,2013-01-21,
386,2013-01-22,0.08
387,2013-01-23,0.08
388,2013-01-24,0.08
389,2013-01-25,0.08
390,2013-01-26,
391,2013-01-27,
392,2013-01-28,0.07
393,2013-01-29,0.07
394,2013-01-30,0.07
395,2013-01-31,0.07
396,2013-02-01,0.06
397,2013-02-02,
398,2013-02-03,
399,2013-02-04,0.07
400,2013-02-05,0.07
401,2013-02-06,0.07
402,2013-02-07,0.07
403,2013-02-08,0.07
404,2013-02-09,
405,2013-02-10,
406,2013-02-11,0.09
407,2013-02-12,0.09
408,2013-02-13,0.1
409,2013-02-14,0.11
410,2013-02-15,0.1
411,2013-02-16,
412,2013-02-17,
413,2013-02-18,
414,2013-02-19,0.12
415,2013-02-20,0.12
416,2013-02-21,0.13
417,2013-02-22,0.13
418,2013-02-23,
419,2013-02-24,
420,2013-02-25,0.12
421,2013-02-26,0.14
422,2013-02-27,0.11
423,2013-02-28,0.11
424,2013-03-01,0.11
425,2013-03-02,
426,2013-03-03,
427,2013-03-04,0.11
428,2013-03-05,0.08
429,2013-03-06,0.1
430,2013-03-07,0.1
431,2013-03-08,0.1
432,2013-03-09,
433,2013-03-10,
434,2013-03-11,0.1
435,2013-03-12,0.1
436,2013-03-13,0.09
437,2013-03-14,0.1
438,2013-03-15,0.09
439,2013-03-16,
440,2013-03-17,
441,2013-03-18,0.07
442,2013-03-19,0.07
443,2013-03-20,0.07
444,2013-03-21,0.07
445,2013-03-22,0.07
446,2013-03-23,
447,2013-03-24,
448,2013-03-25,0.08
449,2013-03-26,0.07
450,2013-03-27,0.09
451,2013-03-28,0.07
452,2013-03-29,
453,2013-03-30,
454,2013-03-31,
455,2013-04-01,0.08
456,2013-04-02,0.07
457,2013-04-03,0.06
458,2013-04-04,0.07
459,2013-04-05,0.07
460,2013-04-06,
461,2013-04-07,
462,2013-04-08,0.07
463,2013-04-09,0.06
464,2013-04-10,0.07
465,2013-04-11,0.07
466,2013-04-12,0.06
467,2013-04-13,
468,2013-04-14,
469,2013-04-15,0.06
470,2013-04-16,0.06
471,2013-04-17,0.06
472,2013-04-18,0.05
473,2013-04-19,0.05
474,2013-04-20,
475,2013-04-21,
476,2013-04-22,0.05
477,2013-04-23,0.05
478,2013-04-24,0.06
479,2013-04-25,0.05
480,2013-04-26,0.05
481,2013-04-27,
482,2013-04-28,
483,2013-04-29,0.05
484,2013-04-30,0.05
485,2013-05-01,0.06
486,2013-05-02,0.05
487,2013-05-03,0.05
488,2013-05-04,
489,2013-05-05,
490,2013-05-06,0.04
491,2013-05-07,0.04
492,2013-05-08,0.04
493,2013-05-09,0.04
494,2013-05-10,0.04
495,2013-05-11,
496,2013-05-12,
497,2013-05-13,0.05
498,2013-05-14,0.05
499,2013-05-15,0.04
500,2013-05-16,0.03
501,2013-05-17,0.04
502,2013-05-18,
503,2013-05-19,
504,2013-05-20,0.05
505,2013-05-21,0.04
506,2013-05-22,0.04
507,2013-05-23,0.05
508,2013-05-24,0.04
509,2013-05-25,
510,2013-05-26,
511,2013-05-27,
512,2013-05-28,0.05
513,2013-05-29,0.05
514,2013-05-30,0.04
515,2013-05-31,0.04
516,2013-06-01,
517,2013-06-02,
518,2013-06-03,0.05
519,2013-06-04,0.04
520,2013-06-05,0.05
521,2013-06-06,0.05
522,2013-06-07,0.04
523,2013-06-08,
524,2013-06-09,
525,2013-06-10,0.05
526,2013-06-11,0.05
527,2013-06-12,0.05
528,2013-06-13,0.05
529,2013-06-14,0.05
530,2013-06-15,
531,2013-06-16,
532,2013-06-17,0.05
533,2013-06-18,0.05
534,2013-06-19,0.05
535,2013-06-20,0.05
536,2013-06-21,0.05
537,2013-06-22,
538,2013-06-23,
539,2013-06-24,0.06
540,2013-06-25,0.06
541,2013-06-26,0.06
542,2013-06-27,0.06
543,2013-06-28,0.04
544,2013-06-29,
545,2013-06-30,
546,2013-07-01,0.04
547,2013-07-02,0.03
548,2013-07-03,0.05
549,2013-07-04,
550,2013-07-05,0.04
551,2013-07-06,
552,2013-07-07,
553,2013-07-08,0.05
554,2013-07-09,0.04
555,2013-07-10,0.04
556,2013-07-11,0.04
557,2013-07-12,0.04
558,2013-07-13,
559,2013-07-14,
560,2013-07-15,0.04
561,2013-07-16,0.03
562,2013-07-17,0.03
563,2013-07-18,0.03
564,2013-07-19,0.03
565,2013-07-20,
566,2013-07-21,
567,2013-07-22,0.04
568,2013-07-23,0.02
569,2013-07-24,0.03
570,2013-07-25,0.02
571,2013-07-26,0.03
572,2013-07-27,
573,2013-07-28,
574,2013-07-29,0.03
575,2013-07-30,0.04
576,2013-07-31,0.04
577,2013-08-01,0.04
578,2013-08-02,0.04
579,2013-08-03,
580,2013-08-04,
581,2013-08-05,0.05
582,2013-08-06,0.04
583,2013-08-07,0.05
584,2013-08-08,0.05
585,2013-08-09,0.05
586,2013-08-10,
587,2013-08-11,
588,2013-08-12,0.06
589,2013-08-13,0.06
590,2013-08-14,0.05
591,2013-08-15,0.05
592,2013-08-16,0.05
593,2013-08-17,
594,2013-08-18,
595,2013-08-19,0.06
596,2013-08-20,0.04
597,2013-08-21,0.04
598,2013-08-22,0.03
599,2013-08-23,0.03
600,2013-08-24,
601,2013-08-25,
602,2013-08-26,0.04
603,2013-08-27,0.05
604,2013-08-28,0.03
605,2013-08-29,0.02
606,2013-08-30,0.03
607,2013-08-31,
608,2013-09-01,
609,2013-09-02,
610,2013-09-03,0.02
611,2013-09-04,0.02
612,2013-09-05,0.02
613,2013-09-06,0.02
614,2013-09-07,
615,2013-09-08,
616,2013-09-09,0.02
617,2013-09-10,0.02
618,2013-09-11,0.02
619,2013-09-12,0.01
620,2013-09-13,0.01
621,2013-09-14,
622,2013-09-15,
623,2013-09-16,0.02
624,2013-09-17,0.01
625,2013-09-18,0.01
626,2013-09-19,0.01
627,2013-09-20,0.01
628,2013-09-21,
629,2013-09-22,
630,2013-09-23,0.02
631,2013-09-24,0.02
632,2013-09-25,0.02
633,2013-09-26,0.0
634,2013-09-27,0.02
635,2013-09-28,
636,2013-09-29,
637,2013-09-30,0.02
638,2013-10-01,0.02
639,2013-10-02,0.02
640,2013-10-03,0.03
641,2013-10-04,0.03
642,2013-10-05,
643,2013-10-06,
644,2013-10-07,0.03
645,2013-10-08,0.05
646,2013-10-09,0.05
647,2013-10-10,0.05
648,2013-10-11,0.08
649,2013-10-12,
650,2013-10-13,
651,2013-10-14,
652,2013-10-15,0.14
653,2013-10-16,0.1
654,2013-10-17,0.05
655,2013-10-18,0.04
656,2013-10-19,
657,2013-10-20,
658,2013-10-21,0.04
659,2013-10-22,0.04
660,2013-10-23,0.04
661,2013-10-24,0.03
662,2013-10-25,0.04
663,2013-10-26,
664,2013-10-27,
665,2013-10-28,0.04
666,2013-10-29,0.04
667,2013-10-30,0.04
668,2013-10-31,0.04
669,2013-11-01,0.04
670,2013-11-02,
671,2013-11-03,
672,2013-11-04,0.05
673,2013-11-05,0.05
674,2013-11-06,0.05
675,2013-11-07,0.05
676,2013-11-08,0.06
677,2013-11-09,
678,2013-11-10,
679,2013-11-11,
680,2013-11-12,0.08
681,2013-11-13,0.08
682,2013-11-14,0.08
683,2013-11-15,0.08
684,2013-11-16,
685,2013-11-17,
686,2013-11-18,0.09
687,2013-11-19,0.08
688,2013-11-20,0.08
689,2013-11-21,0.07
690,2013-11-22,0.07
691,2013-11-23,
692,2013-11-24,
693,2013-11-25,0.08
694,2013-11-26,0.07
695,2013-11-27,0.07
696,2013-11-28,
697,2013-11-29,0.06
698,2013-11-30,
699,2013-12-01,
700,2013-12-02,0.05
701,2013-12-03,0.06
702,2013-12-04,0.06
703,2013-12-05,0.06
704,2013-12-06,0.06
705,2013-12-07,
706,2013-12-08,
707,2013-12-09,0.07
708,2013-12-10,0.07
709,2013-12-11,0.07
710,2013-12-12,0.07
711,2013-12-13,0.07
712,2013-12-14,
713,2013-12-15,
714,2013-12-16,0.07
715,2013-12-17,0.07
716,2013-12-18,0.07
717,2013-12-19,0.06
718,2013-12-20,0.07
719,2013-12-21,
720,2013-12-22,
721,2013-12-23,0.07
722,2013-12-24,0.07
723,2013-12-25,
724,2013-12-26,0.07
725,2013-12-27,0.07
726,2013-12-28,
727,2013-12-29,
728,2013-12-30,0.07
729,2013-12-31,0.07
730,2014-01-01,
731,2014-01-02,0.07
732,2014-01-03,0.07
733,2014-01-04,
734,2014-01-05,
735,2014-01-06,0.05
736,2014-01-07,0.04
737,2014-01-08,0.05
738,2014-01-09,0.04
739,2014-01-10,0.05
740,2014-01-11,
741,2014-01-12,
742,2014-01-13,0.03
743,2014-01-14,0.04
744,2014-01-15,0.04
745,2014-01-16,0.04
746,2014-01-17,0.05
747,2014-01-18,
748,2014-01-19,
749,2014-01-20,
750,2014-01-21,0.04
751,2014-01-22,0.04
752,2014-01-23,0.04
753,2014-01-24,0.04
754,2014-01-25,
755,2014-01-26,
756,2014-01-27,0.05
757,2014-01-28,0.05
758,2014-01-29,0.04
759,2014-01-30,0.02
760,2014-01-31,0.02
761,2014-02-01,
762,2014-02-02,
763,2014-02-03,0.05
764,2014-02-04,0.06
765,2014-02-05,0.07
766,2014-02-06,0.07
767,2014-02-07,0.08
768,2014-02-08,
769,2014-02-09,
770,2014-02-10,0.07
771,2014-02-11,0.05
772,2014-02-12,0.05
773,2014-02-13,0.03
774,2014-02-14,0.02
775,2014-02-15,
776,2014-02-16,
777,2014-02-17,
778,2014-02-18,0.05
779,2014-02-19,0.06
780,2014-02-20,0.05
781,2014-02-21,0.05
782,2014-02-22,
783,2014-02-23,
784,2014-02-24,0.05
785,2014-02-25,0.05
786,2014-02-26,0.05
787,2014-02-27,0.04
788,2014-02-28,0.05
789,2014-03-01,
790,2014-03-02,
791,2014-03-03,0.05
792,2014-03-04,0.05
793,2014-03-05,0.06
794,2014-03-06,0.05
795,2014-03-07,0.06
796,2014-03-08,
797,2014-03-09,
798,2014-03-10,0.05
799,2014-03-11,0.05
800,2014-03-12,0.05
801,2014-03-13,0.05
802,2014-03-14,0.05
803,2014-03-15,
804,2014-03-16,
805,2014-03-17,0.06
806,2014-03-18,0.05
807,2014-03-19,0.06
808,2014-03-20,0.06
809,2014-03-21,0.06
810,2014-03-22,
811,2014-03-23,
812,2014-03-24,0.06
813,2014-03-25,0.05
814,2014-03-26,0.05
815,2014-03-27,0.04
816,2014-03-28,0.04
817,2014-03-29,
818,2014-03-30,
819,2014-03-31,0.05
820,2014-04-01,0.04
821,2014-04-02,0.02
822,2014-04-03,0.02
823,2014-04-04,0.03
824,2014-04-05,
825,2014-04-06,
826,2014-04-07,0.03
827,2014-04-08,0.03
828,2014-04-09,0.04
829,2014-04-10,0.04
830,2014-04-11,0.04
831,2014-04-12,
832,2014-04-13,
833,2014-04-14,0.04
834,2014-04-15,0.04
835,2014-04-16,0.04
836,2014-04-17,0.03
837,2014-04-18,
838,2014-04-19,
839,2014-04-20,
840,2014-04-21,0.04
841,2014-04-22,0.03
842,2014-04-23,0.02
843,2014-04-24,0.01
844,2014-04-25,0.03
845,2014-04-26,
846,2014-04-27,
847,2014-04-28,0.03
848,2014-04-29,0.02
849,2014-04-30,0.03
850,2014-05-01,0.03
851,2014-05-02,0.02
852,2014-05-03,
853,2014-05-04,
854,2014-05-05,0.03
855,2014-05-06,0.03
856,2014-05-07,0.03
857,2014-05-08,0.03
858,2014-05-09,0.03
859,2014-05-10,
860,2014-05-11,
861,2014-05-12,0.03
862,2014-05-13,0.03
863,2014-05-14,0.03
864,2014-05-15,0.03
865,2014-05-16,0.03
866,2014-05-17,
867,2014-05-18,
868,2014-05-19,0.03
869,2014-05-20,0.03
870,2014-05-21,0.04
871,2014-05-22,0.03
872,2014-05-23,0.04
873,2014-05-24,
874,2014-05-25,
875,2014-05-26,
876,2014-05-27,0.04
877,2014-05-28,0.04
878,2014-05-29,0.04
879,2014-05-30,0.04
880,2014-05-31,
881,2014-06-01,
882,2014-06-02,0.04
883,2014-06-03,0.04
884,2014-06-04,0.04
885,2014-06-05,0.04
886,2014-06-06,0.04
887,2014-06-07,
888,2014-06-08,
889,2014-06-09,0.04
890,2014-06-10,0.04
891,2014-06-11,0.04
892,2014-06-12,0.04
893,2014-06-13,0.04
894,2014-06-14,
895,2014-06-15,
896,2014-06-16,0.04
897,2014-06-17,0.04
898,2014-06-18,0.03
899,2014-06-19,0.02
900,2014-06-20,0.02
901,2014-06-21,
902,2014-06-22,
903,2014-06-23,0.03
904,2014-06-24,0.03
905,2014-06-25,0.03
906,2014-06-26,0.04
907,2014-06-27,0.03
908,2014-06-28,
909,2014-06-29,
910,2014-06-30,0.04
911,2014-07-01,0.02
912,2014-07-02,0.02
913,2014-07-03,0.01
914,2014-07-04,
915,2014-07-05,
916,2014-07-06,
917,2014-07-07,0.04
918,2014-07-08,0.03
919,2014-07-09,0.03
920,2014-07-10,0.02
921,2014-07-11,0.02
922,2014-07-12,
923,2014-07-13,
924,2014-07-14,0.03
925,2014-07-15,0.02
926,2014-07-16,0.02
927,2014-07-17,0.02
928,2014-07-18,0.02
929,2014-07-19,
930,2014-07-20,
931,2014-07-21,0.03
932,2014-07-22,0.03
933,2014-07-23,0.03
934,2014-07-24,0.03
935,2014-07-25,0.03
936,2014-07-26,
937,2014-07-27,
938,2014-07-28,0.04
939,2014-07-29,0.02
940,2014-07-30,0.04
941,2014-07-31,0.03
942,2014-08-01,0.03
943,2014-08-02,
944,2014-08-03,
945,2014-08-04,0.04
946,2014-08-05,0.03
947,2014-08-06,0.03
948,2014-08-07,0.03
949,2014-08-08,0.03
950,2014-08-09,
951,2014-08-10,
952,2014-08-11,0.04
953,2014-08-12,0.03
954,2014-08-13,0.04
955,2014-08-14,0.04
956,2014-08-15,0.03
957,2014-08-16,
958,2014-08-17,
959,2014-08-18,0.03
960,2014-08-19,0.03
961,2014-08-20,0.04
962,2014-08-21,0.02
963,2014-08-22,0.03
964,2014-08-23,
965,2014-08-24,
966,2014-08-25,0.04
967,2014-08-26,0.03
968,2014-08-27,0.04
969,2014-08-28,0.03
970,2014-08-29,0.03
971,2014-08-30,
972,2014-08-31,
973,2014-09-01,
974,2014-09-02,0.03
975,2014-09-03,0.03
976,2014-09-04,0.03
977,2014-09-05,0.03
978,2014-09-06,
979,2014-09-07,
980,2014-09-08,0.02
981,2014-09-09,0.02
982,2014-09-10,0.02
983,2014-09-11,0.02
984,2014-09-12,0.02
985,2014-09-13,
986,2014-09-14,
987,2014-09-15,0.02
988,2014-09-16,0.02
989,2014-09-17,0.02
990,2014-09-18,0.02
991,2014-09-19,0.02
992,2014-09-20,
993,2014-09-21,
994,2014-09-22,0.01
995,2014-09-23,0.01
996,2014-09-24,0.02
997,2014-09-25,0.01
998,2014-09-26,0.01
999,2014-09-27,
1000,2014-09-28,
1001,2014-09-29,0.02
1002,2014-09-30,0.02
1003,2014-10-01,0.02
1004,2014-10-02,0.01
1005,2014-10-03,0.01
1006,2014-10-04,
1007,2014-10-05,
1008,2014-10-06,0.02
1009,2014-10-07,0.02
1010,2014-10-08,0.01
1011,2014-10-09,0.01
1012,2014-10-10,0.01
1013,2014-10-11,
1014,2014-10-12,
1015,2014-10-13,
1016,2014-10-14,0.02
1017,2014-10-15,0.02
1018,2014-10-16,0.03
1019,2014-10-17,0.02
1020,2014-10-18,
1021,2014-10-19,
1022,2014-10-20,0.02
1023,2014-10-21,0.02
1024,2014-10-22,0.02
1025,2014-10-23,0.01
1026,2014-10-24,0.01
1027,2014-10-25,
1028,2014-10-26,
1029,2014-10-27,0.02
1030,2014-10-28,0.02
1031,2014-10-29,0.03
1032,2014-10-30,0.01
1033,2014-10-31,0.01
1034,2014-11-01,
1035,2014-11-02,
1036,2014-11-03,0.02
1037,2014-11-04,0.03
1038,2014-11-05,0.03
1039,2014-11-06,0.03
1040,2014-11-07,0.03
1041,2014-11-08,
1042,2014-11-09,
1043,2014-11-10,0.02
1044,2014-11-11,
1045,2014-11-12,0.02
1046,2014-11-13,0.02
1047,2014-11-14,0.02
1048,2014-11-15,
1049,2014-11-16,
1050,2014-11-17,0.03
1051,2014-11-18,0.02
1052,2014-11-19,0.01
1053,2014-11-20,0.02
1054,2014-11-21,0.01
1055,2014-11-22,
1056,2014-11-23,
1057,2014-11-24,0.02
1058,2014-11-25,0.02
1059,2014-11-26,0.02
1060,2014-11-27,
1061,2014-11-28,0.02
1062,2014-11-29,
1063,2014-11-30,
1064,2014-12-01,0.03
1065,2014-12-02,0.03
1066,2014-12-03,0.01
1067,2014-12-04,0.02
1068,2014-12-05,0.02
1069,2014-12-06,
1070,2014-12-07,
1071,2014-12-08,0.03
1072,2014-12-09,0.04
1073,2014-12-10,0.03
1074,2014-12-11,0.03
1075,2014-12-12,0.02
1076,2014-12-13,
1077,2014-12-14,
1078,2014-12-15,0.04
1079,2014-12-16,0.03
1080,2014-12-17,0.03
1081,2014-12-18,0.04
1082,2014-12-19,0.04
1083,2014-12-20,
1084,2014-12-21,
1085,2014-12-22,0.05
1086,2014-12-23,0.03
1087,2014-12-24,0.01
1088,2014-12-25,
1089,2014-12-26,0.01
1090,2014-12-27,
1091,2014-12-28,
1092,2014-12-29,0.03
1093,2014-12-30,0.03
1094,2014-12-31,0.04
1095,2015-01-01,
1096,2015-01-02,0.02
1097,2015-01-03,
1098,2015-01-04,
1099,2015-01-05,0.03
1100,2015-01-06,0.03
1101,2015-01-07,0.03
1102,2015-01-08,0.03
1103,2015-01-09,0.02
1104,2015-01-10,
1105,2015-01-11,
1106,2015-01-12,0.03
1107,2015-01-13,0.03
1108,2015-01-14,0.04
1109,2015-01-15,0.03
1110,2015-01-16,0.03
1111,2015-01-17,
1112,2015-01-18,
1113,2015-01-19,
1114,2015-01-20,0.03
1115,2015-01-21,0.03
1116,2015-01-22,0.03
1117,2015-01-23,0.02
1118,2015-01-24,
1119,2015-01-25,
1120,2015-01-26,0.03
1121,2015-01-27,0.02
1122,2015-01-28,0.02
1123,2015-01-29,0.03
1124,2015-01-30,0.02
1125,2015-01-31,
1126,2015-02-01,
1127,2015-02-02,0.02
1128,2015-02-03,0.02
1129,2015-02-04,0.01
1130,2015-02-05,0.02
1131,2015-02-06,0.02
1132,2015-02-07,
1133,2015-02-08,
1134,2015-02-09,0.01
1135,2015-02-10,0.01
1136,2015-02-11,0.01
1137,2015-02-12,0.02
1138,2015-02-13,0.01
1139,2015-02-14,
1140,2015-02-15,
1141,2015-02-16,
1142,2015-02-17,0.02
1143,2015-02-18,0.02
1144,2015-02-19,0.02
1145,2015-02-20,0.02
1146,2015-02-21,
1147,2015-02-22,
1148,2015-02-23,0.02
1149,2015-02-24,0.02
1150,2015-02-25,0.02
1151,2015-02-26,0.03
1152,2015-02-27,0.02
1153,2015-02-28,
1154,2015-03-01,
1155,2015-03-02,0.02
1156,2015-03-03,0.02
1157,2015-03-04,0.01
1158,2015-03-05,0.02
1159,2015-03-06,0.01
1160,2015-03-07,
1161,2015-03-08,
1162,2015-03-09,0.02
1163,2015-03-10,0.02
1164,2015-03-11,0.03
1165,2015-03-12,0.03
1166,2015-03-13,0.03
1167,2015-03-14,
1168,2015-03-15,
1169,2015-03-16,0.05
1170,2015-03-17,0.05
1171,2015-03-18,0.03
1172,2015-03-19,0.03
1173,2015-03-20,0.01
1174,2015-03-21,
1175,2015-03-22,
1176,2015-03-23,0.03
1177,2015-03-24,0.02
1178,2015-03-25,0.04
1179,2015-03-26,0.03
1180,2015-03-27,0.04
1181,2015-03-28,
1182,2015-03-29,
1183,2015-03-30,0.04
1184,2015-03-31,0.03
1185,2015-04-01,0.03
1186,2015-04-02,0.02
1187,2015-04-03,0.02
1188,2015-04-04,
1189,2015-04-05,
1190,2015-04-06,0.03
1191,2015-04-07,0.02
1192,2015-04-08,0.03
1193,2015-04-09,0.03
1194,2015-04-10,0.02
1195,2015-04-11,
1196,2015-04-12,
1197,2015-04-13,0.03
1198,2015-04-14,0.02
1199,2015-04-15,0.02
1200,2015-04-16,0.02
1201,2015-04-17,0.01
1202,2015-04-18,
1203,2015-04-19,
1204,2015-04-20,0.03
1205,2015-04-21,0.03
1206,2015-04-22,0.03
1207,2015-04-23,0.03
1208,2015-04-24,0.03
1209,2015-04-25,
1210,2015-04-26,
1211,2015-04-27,0.02
1212,2015-04-28,0.02
1213,2015-04-29,0.01
1214,2015-04-30,0.01
1215,2015-05-01,0.01
1216,2015-05-02,
1217,2015-05-03,
1218,2015-05-04,0.02
1219,2015-05-05,0.01
1220,2015-05-06,0.02
1221,2015-05-07,0.01
1222,2015-05-08,0.01
1223,2015-05-09,
1224,2015-05-10,
1225,2015-05-11,0.02
1226,2015-05-12,0.03
1227,2015-05-13,0.02
1228,2015-05-14,0.01
1229,2015-05-15,0.02
1230,2015-05-16,
1231,2015-05-17,
1232,2015-05-18,0.02
1233,2015-05-19,0.02
1234,2015-05-20,0.02
1235,2015-05-21,0.02
1236,2015-05-22,0.02
1237,2015-05-23,
1238,2015-05-24,
1239,2015-05-25,
1240,2015-05-26,0.02
1241,2015-05-27,0.01
1242,2015-05-28,0.01
1243,2015-05-29,0.01
1244,2015-05-30,
1245,2015-05-31,
1246,2015-06-01,0.02
1247,2015-06-02,0.01
1248,2015-06-03,0.02
1249,2015-06-04,0.02
1250,2015-06-05,0.03
1251,2015-06-06,
1252,2015-06-07,
1253,2015-06-08,0.02
1254,2015-06-09,0.02
1255,2015-06-10,0.02
1256,2015-06-11,0.01
1257,2015-06-12,0.02
1258,2015-06-13,
1259,2015-06-14,
1260,2015-06-15,0.02
1261,2015-06-16,0.01
1262,2015-06-17,0.01
1263,2015-06-18,0.01
1264,2015-06-19,0.01
1265,2015-06-20,
1266,2015-06-21,
1267,2015-06-22,0.01
1268,2015-06-23,0.01
1269,2015-06-24,0.01
1270,2015-06-25,0.01
1271,2015-06-26,0.01
1272,2015-06-27,
1273,2015-06-28,
1274,2015-06-29,0.02
1275,2015-06-30,0.01
1276,2015-07-01,0.01
1277,2015-07-02,0.01
1278,2015-07-03,
1279,2015-07-04,
1280,2015-07-05,
1281,2015-07-06,0.02
1282,2015-07-07,0.02
1283,2015-07-08,0.02
1284,2015-07-09,0.03
1285,2015-07-10,0.01
1286,2015-07-11,
1287,2015-07-12,
1288,2015-07-13,0.02
1289,2015-07-14,0.01
1290,2015-07-15,0.02
1291,2015-07-16,0.02
1292,2015-07-17,0.03
1293,2015-07-18,
1294,2015-07-19,
1295,2015-07-20,0.04
1296,2015-07-21,0.03
1297,2015-07-22,0.04
1298,2015-07-23,0.03
1299,2015-07-24,0.04
1300,2015-07-25,
1301,2015-07-26,
1302,2015-07-27,0.05
1303,2015-07-28,0.05
1304,2015-07-29,0.06
1305,2015-07-30,0.07
1306,2015-07-31,0.08
1307,2015-08-01,
1308,2015-08-02,
1309,2015-08-03,0.08
1310,2015-08-04,0.08
1311,2015-08-05,0.08
1312,2015-08-06,0.04
1313,2015-08-07,0.06
1314,2015-08-08,
1315,2015-08-09,
1316,2015-08-10,0.12
1317,2015-08-11,0.1
1318,2015-08-12,0.1
1319,2015-08-13,0.1
1320,2015-08-14,0.09
1321,2015-08-15,
1322,2015-08-16,
1323,2015-08-17,0.1
1324,2015-08-18,0.07
1325,2015-08-19,0.05
1326,2015-08-20,0.02
1327,2015-08-21,0.03
1328,2015-08-22,
1329,2015-08-23,
1330,2015-08-24,0.06
1331,2015-08-25,0.07
1332,2015-08-26,0.06
1333,2015-08-27,0.06
1334,2015-08-28,0.06
1335,2015-08-29,
1336,2015-08-30,
1337,2015-08-31,0.08
1338,2015-09-01,0.03
1339,2015-09-02,0.03
1340,2015-09-03,0.02
1341,2015-09-04,0.02
1342,2015-09-05,
1343,2015-09-06,
1344,2015-09-07,
1345,2015-09-08,0.06
1346,2015-09-09,0.03
1347,2015-09-10,0.02
1348,2015-09-11,0.04
1349,2015-09-12,
1350,2015-09-13,
1351,2015-09-14,0.07
1352,2015-09-15,0.07
1353,2015-09-16,0.06
1354,2015-09-17,0.01
1355,2015-09-18,0.0
1356,2015-09-19,
1357,2015-09-20,
1358,2015-09-21,0.01
1359,2015-09-22,0.0
1360,2015-09-23,0.01
1361,2015-09-24,0.01
1362,2015-09-25,0.0
1363,2015-09-26,
1364,2015-09-27,
1365,2015-09-28,0.01
1366,2015-09-29,0.01
1367,2015-09-30,0.0
1368,2015-10-01,0.0
1369,2015-10-02,0.0
1370,2015-10-03,
1371,2015-10-04,
1372,2015-10-05,0.01
1373,2015-10-06,0.0
1374,2015-10-07,0.0
1375,2015-10-08,0.0
1376,2015-10-09,0.01
1377,2015-10-10,
1378,2015-10-11,
1379,2015-10-12,
1380,2015-10-13,0.01
1381,2015-10-14,0.0
1382,2015-10-15,0.01
1383,2015-10-16,0.01
1384,2015-10-17,
1385,2015-10-18,
1386,2015-10-19,0.02
1387,2015-10-20,0.02
1388,2015-10-21,0.01
1389,2015-10-22,0.0
1390,2015-10-23,0.01
1391,2015-10-24,
1392,2015-10-25,
1393,2015-10-26,0.02
1394,2015-10-27,0.03
1395,2015-10-28,0.04
1396,2015-10-29,0.07
1397,2015-10-30,0.08
1398,2015-10-31,
1399,2015-11-01,
1400,2015-11-02,0.08
1401,2015-11-03,0.06
1402,2015-11-04,0.05
1403,2015-11-05,0.05
1404,2015-11-06,0.08
1405,2015-11-07,
1406,2015-11-08,
1407,2015-11-09,0.14
1408,2015-11-10,0.13
1409,2015-11-11,
1410,2015-11-12,0.14
1411,2015-11-13,0.14
1412,2015-11-14,
1413,2015-11-15,
1414,2015-11-16,0.15
1415,2015-11-17,0.14
1416,2015-11-18,0.12
1417,2015-11-19,0.11
1418,2015-11-20,0.12
1419,2015-11-21,
1420,2015-11-22,
1421,2015-11-23,0.14
1422,2015-11-24,0.16
1423,2015-11-25,0.19
1424,2015-11-26,
1425,2015-11-27,0.18
1426,2015-11-28,
1427,2015-11-29,
1428,2015-11-30,0.22
1429,2015-12-01,0.21
1430,2015-12-02,0.21
1431,2015-12-03,0.21
1432,2015-12-04,0.23
1433,2015-12-05,
1434,2015-12-06,
1435,2015-12-07,0.29
1436,2015-12-08,0.27
1437,2015-12-09,0.26
1438,2015-12-10,0.24
1439,2015-12-11,0.23
1440,2015-12-12,
1441,2015-12-13,
1442,2015-12-14,0.26
1443,2015-12-15,0.25
1444,2015-12-16,0.27
1445,2015-12-17,0.23
1446,2015-12-18,0.19
1447,2015-12-19,
1448,2015-12-20,
1449,2015-12-21,0.24
1450,2015-12-22,0.21
1451,2015-12-23,0.2
1452,2015-12-24,0.2
1453,2015-12-25,
1454,2015-12-26,
1455,2015-12-27,
1456,2015-12-28,0.23
1457,2015-12-29,0.23
1458,2015-12-30,0.21
1459,2015-12-31,0.16
1460,2016-01-01,
1461,2016-01-02,
1462,2016-01-03,
1463,2016-01-04,0.22
1464,2016-01-05,0.2
1465,2016-01-06,0.21
1466,2016-01-07,0.2
1467,2016-01-08,0.2
1468,2016-01-09,
1469,2016-01-10,
1470,2016-01-11,0.21
1471,2016-01-12,0.21
1472,2016-01-13,0.22
1473,2016-01-14,0.25
1474,2016-01-15,0.24
1475,2016-01-16,
1476,2016-01-17,
1477,2016-01-18,
1478,2016-01-19,0.26
1479,2016-01-20,0.26
1480,2016-01-21,0.28
1481,2016-01-22,0.31
1482,2016-01-23,
1483,2016-01-24,
1484,2016-01-25,0.31
1485,2016-01-26,0.31
1486,2016-01-27,0.32
1487,2016-01-28,0.35
1488,2016-01-29,0.33
1489,2016-01-30,
1490,2016-01-31,
1491,2016-02-01,0.35
1492,2016-02-02,0.34
1493,2016-02-03,0.33
1494,2016-02-04,0.29
1495,2016-02-05,0.3
1496,2016-02-06,
1497,2016-02-07,
1498,2016-02-08,0.32
1499,2016-02-09,0.3
1500,2016-02-10,0.31
1501,2016-02-11,0.28
1502,2016-02-12,0.3
1503,2016-02-13,
1504,2016-02-14,
1505,2016-02-15,
1506,2016-02-16,0.3
1507,2016-02-17,0.3
1508,2016-02-18,0.3
1509,2016-02-19,0.31
1510,2016-02-20,
1511,2016-02-21,
1512,2016-02-22,0.33
1513,2016-02-23,0.32
1514,2016-02-24,0.33
1515,2016-02-25,0.32
1516,2016-02-26,0.33
1517,2016-02-27,
1518,2016-02-28,
1519,2016-02-29,0.33
1520,2016-03-01,0.33
1521,2016-03-02,0.36
1522,2016-03-03,0.28
1523,2016-03-04,0.29
1524,2016-03-05,
1525,2016-03-06,
1526,2016-03-07,0.32
1527,2016-03-08,0.29
1528,2016-03-09,0.3
1529,2016-03-10,0.32
1530,2016-03-11,0.33
1531,2016-03-12,
1532,2016-03-13,
1533,2016-03-14,0.34
1534,2016-03-15,0.34
1535,2016-03-16,0.31
1536,2016-03-17,0.29
1537,2016-03-18,0.3
1538,2016-03-19,
1539,2016-03-20,
1540,2016-03-21,0.31
1541,2016-03-22,0.3
1542,2016-03-23,0.3
1543,2016-03-24,0.3
1544,2016-03-25,
1545,2016-03-26,
1546,2016-03-27,
1547,2016-03-28,0.29
1548,2016-03-29,0.23
1549,2016-03-30,0.2
1550,2016-03-31,0.21
1551,2016-04-01,0.23
1552,2016-04-02,
1553,2016-04-03,
1554,2016-04-04,0.23
1555,2016-04-05,0.23
1556,2016-04-06,0.23
1557,2016-04-07,0.23
1558,2016-04-08,0.23
1559,2016-04-09,
1560,2016-04-10,
1561,2016-04-11,0.23
1562,2016-04-12,0.22
1563,2016-04-13,0.23
1564,2016-04-14,0.22
1565,2016-04-15,0.22
1566,2016-04-16,
1567,2016-04-17,
1568,2016-04-18,0.22
1569,2016-04-19,0.21
1570,2016-04-20,0.23
1571,2016-04-21,0.23
1572,2016-04-22,0.23
1573,2016-04-23,
1574,2016-04-24,
1575,2016-04-25,0.25
1576,2016-04-26,0.24
1577,2016-04-27,0.24
1578,2016-04-28,0.22
1579,2016-04-29,0.22
1580,2016-04-30,
1581,2016-05-01,
1582,2016-05-02,0.22
1583,2016-05-03,0.21
1584,2016-05-04,0.19
1585,2016-05-05,0.2
1586,2016-05-06,0.19
1587,2016-05-07,
1588,2016-05-08,
1589,2016-05-09,0.24
1590,2016-05-10,0.24
1591,2016-05-11,0.26
1592,2016-05-12,0.27
1593,2016-05-13,0.29
1594,2016-05-14,
1595,2016-05-15,
1596,2016-05-16,0.28
1597,2016-05-17,0.28
1598,2016-05-18,0.3
1599,2016-05-19,0.31
1600,2016-05-20,0.33
1601,2016-05-21,
1602,2016-05-22,
1603,2016-05-23,0.35
1604,2016-05-24,0.35
1605,2016-05-25,0.33
1606,2016-05-26,0.31
1607,2016-05-27,0.32
1608,2016-05-28,
1609,2016-05-29,
1610,2016-05-30,
1611,2016-05-31,0.34
1612,2016-06-01,0.3
1613,2016-06-02,0.29
1614,2016-06-03,0.3
1615,2016-06-04,
1616,2016-06-05,
1617,2016-06-06,0.28
1618,2016-06-07,0.28
1619,2016-06-08,0.24
1620,2016-06-09,0.26
1621,2016-06-10,0.26
1622,2016-06-11,
1623,2016-06-12,
1624,2016-06-13,0.27
1625,2016-06-14,0.27
1626,2016-06-15,0.26
1627,2016-06-16,0.27
1628,2016-06-17,0.27
1629,2016-06-18,
1630,2016-06-19,
1631,2016-06-20,0.28
1632,2016-06-21,0.27
1633,2016-06-22,0.27
1634,2016-06-23,0.31
1635,2016-06-24,0.27
1636,2016-06-25,
1637,2016-06-26,
1638,2016-06-27,0.27
1639,2016-06-28,0.26
1640,2016-06-29,0.26
1641,2016-06-30,0.26
1642,2016-07-01,0.28
1643,2016-07-02,
1644,2016-07-03,
1645,2016-07-04,
1646,2016-07-05,0.28
1647,2016-07-06,0.27
1648,2016-07-07,0.29
1649,2016-07-08,0.28
1650,2016-07-09,
1651,2016-07-10,
1652,2016-07-11,0.31
1653,2016-07-12,0.29
1654,2016-07-13,0.31
1655,2016-07-14,0.32
1656,2016-07-15,0.32
1657,2016-07-16,
1658,2016-07-17,
1659,2016-07-18,0.32
1660,2016-07-19,0.31
1661,2016-07-20,0.32
1662,2016-07-21,0.32
1663,2016-07-22,0.33
1664,2016-07-23,
1665,2016-07-24,
1666,2016-07-25,0.32
1667,2016-07-26,0.31
1668,2016-07-27,0.31
1669,2016-07-28,0.25
1670,2016-07-29,0.28
1671,2016-07-30,
1672,2016-07-31,
1673,2016-08-01,0.29
1674,2016-08-02,0.29
1675,2016-08-03,0.28
1676,2016-08-04,0.26
1677,2016-08-05,0.28
1678,2016-08-06,
1679,2016-08-07,
1680,2016-08-08,0.31
1681,2016-08-09,0.29
1682,2016-08-10,0.28
1683,2016-08-11,0.28
1684,2016-08-12,0.29
1685,2016-08-13,
1686,2016-08-14,
1687,2016-08-15,0.31
1688,2016-08-16,0.27
1689,2016-08-17,0.3
1690,2016-08-18,0.3
1691,2016-08-19,0.3
1692,2016-08-20,
1693,2016-08-21,
1694,2016-08-22,0.29
1695,2016-08-23,0.3
1696,2016-08-24,0.31
1697,2016-08-25,0.33
1698,2016-08-26,0.34
1699,2016-08-27,
1700,2016-08-28,
1701,2016-08-29,0.33
1702,2016-08-30,0.33
1703,2016-08-31,0.33
1704,2016-09-01,0.33
1705,2016-09-02,0.33
1706,2016-09-03,
1707,2016-09-04,
1708,2016-09-05,
1709,2016-09-06,0.32
1710,2016-09-07,0.34
1711,2016-09-08,0.35
1712,2016-09-09,0.35
1713,2016-09-10,
1714,2016-09-11,
1715,2016-09-12,0.37
1716,2016-09-13,0.36
1717,2016-09-14,0.33
1718,2016-09-15,0.29
1719,2016-09-16,0.3
1720,2016-09-17,
1721,2016-09-18,
1722,2016-09-19,0.3
1723,2016-09-20,0.3
1724,2016-09-21,0.22
1725,2016-09-22,0.18
1726,2016-09-23,0.18
1727,2016-09-24,
1728,2016-09-25,
1729,2016-09-26,0.25
1730,2016-09-27,0.26
1731,2016-09-28,0.27
1732,2016-09-29,0.26
1733,2016-09-30,0.29
1734,2016-10-01,
1735,2016-10-02,
1736,2016-10-03,0.32
1737,2016-10-04,0.33
1738,2016-10-05,0.32
1739,2016-10-06,0.33
1740,2016-10-07,0.33
1741,2016-10-08,
1742,2016-10-09,
1743,2016-10-10,
1744,2016-10-11,0.35
1745,2016-10-12,0.37
1746,2016-10-13,0.3
1747,2016-10-14,0.32
1748,2016-10-15,
1749,2016-10-16,
1750,2016-10-17,0.34
1751,2016-10-18,0.34
1752,2016-10-19,0.35
1753,2016-10-20,0.35
1754,2016-10-21,0.34
1755,2016-10-22,
1756,2016-10-23,
1757,2016-10-24,0.33
1758,2016-10-25,0.34
1759,2016-10-26,0.33
1760,2016-10-27,0.3
1761,2016-10-28,0.3
1762,2016-10-29,
1763,2016-10-30,
1764,2016-10-31,0.34
1765,2016-11-01,0.35
1766,2016-11-02,0.37
1767,2016-11-03,0.38
1768,2016-11-04,0.38
1769,2016-11-05,
1770,2016-11-06,
1771,2016-11-07,0.41
1772,2016-11-08,0.43
1773,2016-11-09,0.45
1774,2016-11-10,0.48
1775,2016-11-11,
1776,2016-11-12,
1777,2016-11-13,
1778,2016-11-14,0.55
1779,2016-11-15,0.51
1780,2016-11-16,0.47
1781,2016-11-17,0.44
1782,2016-11-18,0.44
1783,2016-11-19,
1784,2016-11-20,
1785,2016-11-21,0.46
1786,2016-11-22,0.49
1787,2016-11-23,0.51
1788,2016-11-24,
1789,2016-11-25,0.49
1790,2016-11-26,
1791,2016-11-27,
1792,2016-11-28,0.48
1793,2016-11-29,0.48
1794,2016-11-30,0.48
1795,2016-12-01,0.48
1796,2016-12-02,0.49
1797,2016-12-03,
1798,2016-12-04,
1799,2016-12-05,0.49
1800,2016-12-06,0.49
1801,2016-12-07,0.52
1802,2016-12-08,0.51
1803,2016-12-09,0.54
1804,2016-12-10,
1805,2016-12-11,
1806,2016-12-12,0.51
1807,2016-12-13,0.54
1808,2016-12-14,0.55
1809,2016-12-15,0.51
1810,2016-12-16,0.51
1811,2016-12-17,
1812,2016-12-18,
1813,2016-12-19,0.52
1814,2016-12-20,0.52
1815,2016-12-21,0.52
1816,2016-12-22,0.51
1817,2016-12-23,0.52
1818,2016-12-24,
1819,2016-12-25,
1820,2016-12-26,
1821,2016-12-27,0.51
1822,2016-12-28,0.53
1823,2016-12-29,0.47
1824,2016-12-30,0.51
1825,2016-12-31,
1826,2017-01-01,
1827,2017-01-02,
1828,2017-01-03,0.53
1829,2017-01-04,0.53
1830,2017-01-05,0.52
1831,2017-01-06,0.53
1832,2017-01-07,
1833,2017-01-08,
1834,2017-01-09,0.5
1835,2017-01-10,0.52
1836,2017-01-11,0.52
1837,2017-01-12,0.52
1838,2017-01-13,0.53
1839,2017-01-14,
1840,2017-01-15,
1841,2017-01-16,
1842,2017-01-17,0.55
1843,2017-01-18,0.53
1844,2017-01-19,0.52
1845,2017-01-20,0.5
1846,2017-01-21,
1847,2017-01-22,
1848,2017-01-23,0.51
1849,2017-01-24,0.51
1850,2017-01-25,0.5
1851,2017-01-26,0.51
1852,2017-01-27,0.52
1853,2017-01-28,
1854,2017-01-29,
1855,2017-01-30,0.51
1856,2017-01-31,0.52
1857,2017-02-01,0.51
1858,2017-02-02,0.52
1859,2017-02-03,0.51
1860,2017-02-04,
1861,2017-02-05,
1862,2017-02-06,0.53
1863,2017-02-07,0.53
1864,2017-02-08,0.54
1865,2017-02-09,0.54
1866,2017-02-10,0.55
1867,2017-02-11,
1868,2017-02-12,
1869,2017-02-13,0.52
1870,2017-02-14,0.54
1871,2017-02-15,0.54
1872,2017-02-16,0.53
1873,2017-02-17,0.53
1874,2017-02-18,
1875,2017-02-19,
1876,2017-02-20,
1877,2017-02-21,0.53
1878,2017-02-22,0.52
1879,2017-02-23,0.51
1880,2017-02-24,0.52
1881,2017-02-25,
1882,2017-02-26,
1883,2017-02-27,0.5
1884,2017-02-28,0.53
1885,2017-03-01,0.63
1886,2017-03-02,0.67
1887,2017-03-03,0.71
1888,2017-03-04,
1889,2017-03-05,
1890,2017-03-06,0.74
1891,2017-03-07,0.76
1892,2017-03-08,0.73
1893,2017-03-09,0.73
1894,2017-03-10,0.75
1895,2017-03-11,
1896,2017-03-12,
1897,2017-03-13,0.79
1898,2017-03-14,0.78
1899,2017-03-15,0.73
1900,2017-03-16,0.73
1901,2017-03-17,0.73
1902,2017-03-18,
1903,2017-03-19,
1904,2017-03-20,0.76
1905,2017-03-21,0.77
1906,2017-03-22,0.77
1907,2017-03-23,0.76
1908,2017-03-24,0.78
1909,2017-03-25,
1910,2017-03-26,
1911,2017-03-27,0.78
1912,2017-03-28,0.78
1913,2017-03-29,0.78
1914,2017-03-30,0.78
1915,2017-03-31,0.76
1916,2017-04-01,
1917,2017-04-02,
1918,2017-04-03,0.79
1919,2017-04-04,0.79
1920,2017-04-05,0.8
1921,2017-04-06,0.79
1922,2017-04-07,0.82
1923,2017-04-08,
1924,2017-04-09,
1925,2017-04-10,0.82
1926,2017-04-11,0.82
1927,2017-04-12,0.81
1928,2017-04-13,0.81
1929,2017-04-14,
1930,2017-04-15,
1931,2017-04-16,
1932,2017-04-17,0.83
1933,2017-04-18,0.82
1934,2017-04-19,0.81
1935,2017-04-20,0.79
1936,2017-04-21,0.79
1937,2017-04-22,
1938,2017-04-23,
1939,2017-04-24,0.81
1940,2017-04-25,0.82
1941,2017-04-26,0.83
1942,2017-04-27,0.81
1943,2017-04-28,0.8
1944,2017-04-29,
1945,2017-04-30,
1946,2017-05-01,0.83
1947,2017-05-02,0.82
1948,2017-05-03,0.85
1949,2017-05-04,0.86
1950,2017-05-05,0.9
1951,2017-05-06,
1952,2017-05-07,
1953,2017-05-08,0.91
1954,2017-05-09,0.91
1955,2017-05-10,0.9
1956,2017-05-11,0.89
1957,2017-05-12,0.88
1958,2017-05-13,
1959,2017-05-14,
1960,2017-05-15,0.9
1961,2017-05-16,0.9
1962,2017-05-17,0.9
1963,2017-05-18,0.93
1964,2017-05-19,0.92
1965,2017-05-20,
1966,2017-05-21,
1967,2017-05-22,0.93
1968,2017-05-23,0.92
1969,2017-05-24,0.93
1970,2017-05-25,0.94
1971,2017-05-26,0.94
1972,2017-05-27,
1973,2017-05-28,
1974,2017-05-29,
1975,2017-05-30,0.93
1976,2017-05-31,0.98
1977,2017-06-01,0.98
1978,2017-06-02,0.98
1979,2017-06-03,
1980,2017-06-04,
1981,2017-06-05,0.96
1982,2017-06-06,0.97
1983,2017-06-07,1.0
1984,2017-06-08,1.01
1985,2017-06-09,1.01
1986,2017-06-10,
1987,2017-06-11,
1988,2017-06-12,0.98
1989,2017-06-13,1.0
1990,2017-06-14,1.01
1991,2017-06-15,1.02
1992,2017-06-16,1.03
1993,2017-06-17,
1994,2017-06-18,
1995,2017-06-19,1.02
1996,2017-06-20,1.01
1997,2017-06-21,0.99
1998,2017-06-22,0.96
1999,2017-06-23,0.97
2000,2017-06-24,
2001,2017-06-25,
2002,2017-06-26,0.99
2003,2017-06-27,1.0
2004,2017-06-28,1.02
2005,2017-06-29,1.04
2006,2017-06-30,1.03
2007,2017-07-01,
2008,2017-07-02,
2009,2017-07-03,1.06
2010,2017-07-04,
2011,2017-07-05,1.05
2012,2017-07-06,1.04
2013,2017-07-07,1.05
2014,2017-07-08,
2015,2017-07-09,
2016,2017-07-10,1.04
2017,2017-07-11,1.05
2018,2017-07-12,1.05
2019,2017-07-13,1.05
2020,2017-07-14,1.04
2021,2017-07-15,
2022,2017-07-16,
2023,2017-07-17,1.07
2024,2017-07-18,1.07
2025,2017-07-19,1.11
2026,2017-07-20,1.15
2027,2017-07-21,1.16
2028,2017-07-22,
2029,2017-07-23,
2030,2017-07-24,1.17
2031,2017-07-25,1.18
2032,2017-07-26,1.13
2033,2017-07-27,1.11
2034,2017-07-28,1.08
2035,2017-07-29,
2036,2017-07-30,
2037,2017-07-31,1.07
2038,2017-08-01,1.08
2039,2017-08-02,1.08
2040,2017-08-03,1.08
2041,2017-08-04,1.08
2042,2017-08-05,
2043,2017-08-06,
2044,2017-08-07,1.02
2045,2017-08-08,1.06
2046,2017-08-09,1.06
2047,2017-08-10,1.05
2048,2017-08-11,1.03
2049,2017-08-12,
2050,2017-08-13,
2051,2017-08-14,1.02
2052,2017-08-15,1.04
2053,2017-08-16,1.02
2054,2017-08-17,1.0
2055,2017-08-18,1.02
2056,2017-08-19,
2057,2017-08-20,
2058,2017-08-21,1.0
2059,2017-08-22,1.0
2060,2017-08-23,1.0
2061,2017-08-24,1.02
2062,2017-08-25,1.03
2063,2017-08-26,
2064,2017-08-27,
2065,2017-08-28,0.98
2066,2017-08-29,1.03
2067,2017-08-30,1.03
2068,2017-08-31,1.01
2069,2017-09-01,1.02
2070,2017-09-02,
2071,2017-09-03,
2072,2017-09-04,
2073,2017-09-05,1.03
2074,2017-09-06,1.07
2075,2017-09-07,1.05
2076,2017-09-08,1.04
2077,2017-09-09,
2078,2017-09-10,
2079,2017-09-11,1.05
2080,2017-09-12,1.03
2081,2017-09-13,1.04
2082,2017-09-14,1.05
2083,2017-09-15,1.05
2084,2017-09-16,
2085,2017-09-17,
2086,2017-09-18,1.05
2087,2017-09-19,1.04
2088,2017-09-20,1.04
2089,2017-09-21,1.04
2090,2017-09-22,1.03
2091,2017-09-23,
2092,2017-09-24,
2093,2017-09-25,1.05
2094,2017-09-26,1.06
2095,2017-09-27,1.07
2096,2017-09-28,1.06
2097,2017-09-29,1.06
2098,2017-09-30,
2099,2017-10-01,
2100,2017-10-02,1.01
2101,2017-10-03,1.07
2102,2017-10-04,1.08
2103,2017-10-05,1.07
2104,2017-10-06,1.07
2105,2017-10-07,
2106,2017-10-08,
2107,2017-10-09,
2108,2017-10-10,1.08
2109,2017-10-11,1.1
2110,2017-10-12,1.09
2111,2017-10-13,1.09
2112,2017-10-14,
2113,2017-10-15,
2114,2017-10-16,1.1
2115,2017-10-17,1.09
2116,2017-10-18,1.09
2117,2017-10-19,1.1
2118,2017-10-20,1.11
2119,2017-10-21,
2120,2017-10-22,
2121,2017-10-23,1.09
2122,2017-10-24,1.12
2123,2017-10-25,1.12
2124,2017-10-26,1.11
2125,2017-10-27,1.1
2126,2017-10-28,
2127,2017-10-29,
2128,2017-10-30,1.12
2129,2017-10-31,1.15
2130,2017-11-01,1.18
2131,2017-11-02,1.17
2132,2017-11-03,1.18
2133,2017-11-04,
2134,2017-11-05,
2135,2017-11-06,1.19
2136,2017-11-07,1.22
2137,2017-11-08,1.23
2138,2017-11-09,1.24
2139,2017-11-10,1.23
2140,2017-11-11,
2141,2017-11-12,
2142,2017-11-13,1.24
2143,2017-11-14,1.26
2144,2017-11-15,1.25
2145,2017-11-16,1.27
2146,2017-11-17,1.29
2147,2017-11-18,
2148,2017-11-19,
2149,2017-11-20,1.3
2150,2017-11-21,1.3
2151,2017-11-22,1.29
2152,2017-11-23,
2153,2017-11-24,1.29
2154,2017-11-25,
2155,2017-11-26,
2156,2017-11-27,1.27
2157,2017-11-28,1.3
2158,2017-11-29,1.29
2159,2017-11-30,1.27
2160,2017-12-01,1.27
2161,2017-12-02,
2162,2017-12-03,
2163,2017-12-04,1.29
2164,2017-12-05,1.3
2165,2017-12-06,1.3
2166,2017-12-07,1.29
2167,2017-12-08,1.28
2168,2017-12-09,
2169,2017-12-10,
2170,2017-12-11,1.33
2171,2017-12-12,1.34
2172,2017-12-13,1.3
2173,2017-12-14,1.32
2174,2017-12-15,1.31
2175,2017-12-16,
2176,2017-12-17,
2177,2017-12-18,1.38
2178,2017-12-19,1.37
2179,2017-12-20,1.38
2180,2017-12-21,1.35
2181,2017-12-22,1.33
2182,2017-12-23,
2183,2017-12-24,
2184,2017-12-25,
2185,2017-12-26,1.47
2186,2017-12-27,1.44
2187,2017-12-28,1.39
2188,2017-12-29,1.39
2189,2017-12-30,
2190,2017-12-31,
2191,2018-01-01,
2192,2018-01-02,1.44
2193,2018-01-03,1.41
2194,2018-01-04,1.41
2195,2018-01-05,1.39
2196,2018-01-06,
2197,2018-01-07,
2198,2018-01-08,1.45
2199,2018-01-09,1.44
2200,2018-01-10,1.42
2201,2018-01-11,1.43
2202,2018-01-12,1.43
2203,2018-01-13,
2204,2018-01-14,
2205,2018-01-15,
2206,2018-01-16,1.45
2207,2018-01-17,1.44
2208,2018-01-18,1.45
2209,2018-01-19,1.44
2210,2018-01-20,
2211,2018-01-21,
2212,2018-01-22,1.44
2213,2018-01-23,1.44
2214,2018-01-24,1.43
2215,2018-01-25,1.42
2216,2018-01-26,1.41
2217,2018-01-27,
2218,2018-01-28,
2219,2018-01-29,1.44
2220,2018-01-30,1.44
2221,2018-01-31,1.46
2222,2018-02-01,1.48
2223,2018-02-02,1.48
2224,2018-02-03,
2225,2018-02-04,
2226,2018-02-05,1.51
2227,2018-02-06,1.52
2228,2018-02-07,1.55
2229,2018-02-08,1.55
2230,2018-02-09,1.55
2231,2018-02-10,
2232,2018-02-11,
2233,2018-02-12,1.62
2234,2018-02-13,1.59
2235,2018-02-14,1.58
2236,2018-02-15,1.58
2237,2018-02-16,1.62
2238,2018-02-17,
2239,2018-02-18,
2240,2018-02-19,
2241,2018-02-20,1.66
2242,2018-02-21,1.64
2243,2018-02-22,1.63
2244,2018-02-23,1.64
2245,2018-02-24,
2246,2018-02-25,
2247,2018-02-26,1.66
2248,2018-02-27,1.66
2249,2018-02-28,1.65
2250,2018-03-01,1.63
2251,2018-03-02,1.65
2252,2018-03-03,
2253,2018-03-04,
2254,2018-03-05,1.7
2255,2018-03-06,1.68
2256,2018-03-07,1.68
2257,2018-03-08,1.67
2258,2018-03-09,1.67
2259,2018-03-10,
2260,2018-03-11,
2261,2018-03-12,1.71
2262,2018-03-13,1.73
2263,2018-03-14,1.76
2264,2018-03-15,1.77
2265,2018-03-16,1.78
2266,2018-03-17,
2267,2018-03-18,
2268,2018-03-19,1.8
2269,2018-03-20,1.81
2270,2018-03-21,1.74
2271,2018-03-22,1.72
2272,2018-03-23,1.74
2273,2018-03-24,
2274,2018-03-25,
2275,2018-03-26,1.79
2276,2018-03-27,1.77
2277,2018-03-28,1.73
2278,2018-03-29,1.73
2279,2018-03-30,
2280,2018-03-31,
2281,2018-04-01,
2282,2018-04-02,1.77
2283,2018-04-03,1.75
2284,2018-04-04,1.71
2285,2018-04-05,1.72
2286,2018-04-06,1.73
2287,2018-04-07,
2288,2018-04-08,
2289,2018-04-09,1.76
2290,2018-04-10,1.74
2291,2018-04-11,1.73
2292,2018-04-12,1.75
2293,2018-04-13,1.76
2294,2018-04-14,
2295,2018-04-15,
2296,2018-04-16,1.79
2297,2018-04-17,1.8
2298,2018-04-18,1.81
2299,2018-04-19,1.82
2300,2018-04-20,1.81
2301,2018-04-21,
2302,2018-04-22,
2303,2018-04-23,1.87
2304,2018-04-24,1.87
2305,2018-04-25,1.85
2306,2018-04-26,1.82
2307,2018-04-27,1.82
2308,2018-04-28,
2309,2018-04-29,
2310,2018-04-30,1.87
2311,2018-05-01,1.85
2312,2018-05-02,1.84
2313,2018-05-03,1.84
2314,2018-05-04,1.84
2315,2018-05-05,
2316,2018-05-06,
2317,2018-05-07,1.86
2318,2018-05-08,1.87
2319,2018-05-09,1.88
2320,2018-05-10,1.9
2321,2018-05-11,1.92
2322,2018-05-12,
2323,2018-05-13,
2324,2018-05-14,1.93
2325,2018-05-15,1.92
2326,2018-05-16,1.92
2327,2018-05-17,1.92
2328,2018-05-18,1.91
2329,2018-05-19,
2330,2018-05-20,
2331,2018-05-21,1.93
2332,2018-05-22,1.93
2333,2018-05-23,1.92
2334,2018-05-24,1.91
2335,2018-05-25,1.9
2336,2018-05-26,
2337,2018-05-27,
2338,2018-05-28,
2339,2018-05-29,1.93
2340,2018-05-30,1.94
2341,2018-05-31,1.93
2342,2018-06-01,1.92
2343,2018-06-02,
2344,2018-06-03,
2345,2018-06-04,1.94
2346,2018-06-05,1.94
2347,2018-06-06,1.95
2348,2018-06-07,1.94
2349,2018-06-08,1.93
2350,2018-06-09,
2351,2018-06-10,
2352,2018-06-11,1.94
2353,2018-06-12,1.92
2354,2018-06-13,1.94
2355,2018-06-14,1.94
2356,2018-06-15,1.94
2357,2018-06-16,
2358,2018-06-17,
2359,2018-06-18,1.94
2360,2018-06-19,1.94
2361,2018-06-20,1.94
2362,2018-06-21,1.94
2363,2018-06-22,1.93
2364,2018-06-23,
2365,2018-06-24,
2366,2018-06-25,1.93
2367,2018-06-26,1.93
2368,2018-06-27,1.93
2369,2018-06-28,1.93
2370,2018-06-29,1.93
2371,2018-06-30,
2372,2018-07-01,
2373,2018-07-02,1.98
2374,2018-07-03,1.98
2375,2018-07-04,
2376,2018-07-05,1.96
2377,2018-07-06,1.97
2378,2018-07-07,
2379,2018-07-08,
2380,2018-07-09,1.98
2381,2018-07-10,1.99
2382,2018-07-11,1.97
2383,2018-07-12,1.98
2384,2018-07-13,1.98
2385,2018-07-14,
2386,2018-07-15,
2387,2018-07-16,2.01
2388,2018-07-17,2.02
2389,2018-07-18,2.0
2390,2018-07-19,2.0
2391,2018-07-20,1.99
2392,2018-07-21,
2393,2018-07-22,
2394,2018-07-23,1.99
2395,2018-07-24,2.02
2396,2018-07-25,2.01
2397,2018-07-26,1.99
2398,2018-07-27,2.0
2399,2018-07-28,
2400,2018-07-29,
2401,2018-07-30,2.04
2402,2018-07-31,2.03
2403,2018-08-01,2.03
2404,2018-08-02,2.02
2405,2018-08-03,2.01
2406,2018-08-04,
2407,2018-08-05,
2408,2018-08-06,2.05
2409,2018-08-07,2.06
2410,2018-08-08,2.06
2411,2018-08-09,2.06
2412,2018-08-10,2.05
2413,2018-08-11,
2414,2018-08-12,
2415,2018-08-13,2.06
2416,2018-08-14,2.08
2417,2018-08-15,2.07
2418,2018-08-16,2.07
2419,2018-08-17,2.05
2420,2018-08-18,
2421,2018-08-19,
2422,2018-08-20,2.06
2423,2018-08-21,2.08
2424,2018-08-22,2.09
2425,2018-08-23,2.08
2426,2018-08-24,2.09
2427,2018-08-25,
2428,2018-08-26,
2429,2018-08-27,2.12
2430,2018-08-28,2.13
2431,2018-08-29,2.13
2432,2018-08-30,2.11
2433,2018-08-31,2.11
2434,2018-09-01,
2435,2018-09-02,
2436,2018-09-03,
2437,2018-09-04,2.13
2438,2018-09-05,2.14
2439,2018-09-06,2.13
2440,2018-09-07,2.14
2441,2018-09-08,
2442,2018-09-09,
2443,2018-09-10,2.14
2444,2018-09-11,2.15
2445,2018-09-12,2.16
2446,2018-09-13,2.15
2447,2018-09-14,2.16
2448,2018-09-15,
2449,2018-09-16,
2450,2018-09-17,2.16
2451,2018-09-18,2.17
2452,2018-09-19,2.16
2453,2018-09-20,2.17
2454,2018-09-21,2.18
2455,2018-09-22,
2456,2018-09-23,
2457,2018-09-24,2.22
2458,2018-09-25,2.21
2459,2018-09-26,2.2
2460,2018-09-27,2.18
2461,2018-09-28,2.19
2462,2018-09-29,
2463,2018-09-30,
2464,2018-10-01,2.23
2465,2018-10-02,2.23
2466,2018-10-03,2.23
2467,2018-10-04,2.22
2468,2018-10-05,2.23
2469,2018-10-06,
2470,2018-10-07,
2471,2018-10-08,
2472,2018-10-09,2.25
2473,2018-10-10,2.27
2474,2018-10-11,2.27
2475,2018-10-12,2.28
2476,2018-10-13,
2477,2018-10-14,
2478,2018-10-15,2.31
2479,2018-10-16,2.3
2480,2018-10-17,2.31
2481,2018-10-18,2.32
2482,2018-10-19,2.31
2483,2018-10-20,
2484,2018-10-21,
2485,2018-10-22,2.34
2486,2018-10-23,2.33
2487,2018-10-24,2.34
2488,2018-10-25,2.34
2489,2018-10-26,2.33
2490,2018-10-27,
2491,2018-10-28,
2492,2018-10-29,2.34
2493,2018-10-30,2.33
2494,2018-10-31,2.34
2495,2018-11-01,2.32
2496,2018-11-02,2.33
2497,2018-11-03,
2498,2018-11-04,
2499,2018-11-05,2.36
2500,2018-11-06,2.35
2501,2018-11-07,2.37
2502,2018-11-08,2.35
2503,2018-11-09,2.36
2504,2018-11-10,
2505,2018-11-11,
2506,2018-11-12,
2507,2018-11-13,2.38
2508,2018-11-14,2.38
2509,2018-11-15,2.37
2510,2018-11-16,2.36
2511,2018-11-17,
2512,2018-11-18,
2513,2018-11-19,2.38
2514,2018-11-20,2.39
2515,2018-11-21,2.41
2516,2018-11-22,
2517,2018-11-23,2.41
2518,2018-11-24,
2519,2018-11-25,
2520,2018-11-26,2.41
2521,2018-11-27,2.41
2522,2018-11-28,2.4
2523,2018-11-29,2.37
2524,2018-11-30,2.37
2525,2018-12-01,
2526,2018-12-02,
2527,2018-12-03,2.38
2528,2018-12-04,2.42
2529,2018-12-05,
2530,2018-12-06,2.41
2531,2018-12-07,2.4
2532,2018-12-08,
2533,2018-12-09,
2534,2018-12-10,2.41
2535,2018-12-11,2.41
2536,2018-12-12,2.43
2537,2018-12-13,2.43
2538,2018-12-14,2.42
2539,2018-12-15,
2540,2018-12-16,
2541,2018-12-17,2.4
2542,2018-12-18,2.39
2543,2018-12-19,2.4
2544,2018-12-20,2.39
2545,2018-12-21,2.39
2546,2018-12-22,
2547,2018-12-23,
2548,2018-12-24,2.45
2549,2018-12-25,
2550,2018-12-26,2.44
2551,2018-12-27,2.41
2552,2018-12-28,2.4
2553,2018-12-29,
2554,2018-12-30,
2555,2018-12-31,2.45
2556,2019-01-01,
2557,2019-01-02,2.42
2558,2019-01-03,2.41
2559,2019-01-04,2.42
2560,2019-01-05,
2561,2019-01-06,
2562,2019-01-07,2.45
2563,2019-01-08,2.46
2564,2019-01-09,2.45
2565,2019-01-10,2.43
2566,2019-01-11,2.43
2567,2019-01-12,
2568,2019-01-13,
2569,2019-01-14,2.45
2570,2019-01-15,2.45
2571,2019-01-16,2.43
2572,2019-01-17,2.42
2573,2019-01-18,2.41
2574,2019-01-19,
2575,2019-01-20,
2576,2019-01-21,
2577,2019-01-22,2.43
2578,2019-01-23,2.41
2579,2019-01-24,2.37
2580,2019-01-25,2.39
2581,2019-01-26,
2582,2019-01-27,
2583,2019-01-28,2.42
2584,2019-01-29,2.42
2585,2019-01-30,2.42
2586,2019-01-31,2.41
2587,2019-02-01,2.4
2588,2019-02-02,
2589,2019-02-03,
2590,2019-02-04,2.42
2591,2019-02-05,2.42
2592,2019-02-06,2.42
2593,2019-02-07,2.42
2594,2019-02-08,2.43
2595,2019-02-09,
2596,2019-02-10,
2597,2019-02-11,2.45
2598,2019-02-12,2.43
2599,2019-02-13,2.44
2600,2019-02-14,2.43
2601,2019-02-15,2.43
2602,2019-02-16,
2603,2019-02-17,
2604,2019-02-18,
2605,2019-02-19,2.45
2606,2019-02-20,2.45
2607,2019-02-21,2.45
2608,2019-02-22,2.46
2609,2019-02-23,
2610,2019-02-24,
2611,2019-02-25,2.47
2612,2019-02-26,2.45
2613,2019-02-27,2.45
2614,2019-02-28,2.45
2615,2019-03-01,2.44
2616,2019-03-02,
2617,2019-03-03,
2618,2019-03-04,2.46
2619,2019-03-05,2.46
2620,2019-03-06,2.47
2621,2019-03-07,2.45
2622,2019-03-08,2.46
2623,2019-03-09,
2624,2019-03-10,
2625,2019-03-11,2.46
2626,2019-03-12,2.46
2627,2019-03-13,2.45
2628,2019-03-14,2.45
2629,2019-03-15,2.45
2630,2019-03-16,
2631,2019-03-17,
2632,2019-03-18,2.44
2633,2019-03-19,2.46
2634,2019-03-20,2.48
2635,2019-03-21,2.49
2636,2019-03-22,2.46
2637,2019-03-23,
2638,2019-03-24,
2639,2019-03-25,2.46
2640,2019-03-26,2.46
2641,2019-03-27,2.44
2642,2019-03-28,2.43
2643,2019-03-29,2.4
2644,2019-03-30,
2645,2019-03-31,
2646,2019-04-01,2.43
2647,2019-04-02,2.42
2648,2019-04-03,2.44
2649,2019-04-04,2.44
2650,2019-04-05,2.44
2651,2019-04-06,
2652,2019-04-07,
2653,2019-04-08,2.43
2654,2019-04-09,2.42
2655,2019-04-10,2.43
2656,2019-04-11,2.43
2657,2019-04-12,2.44
2658,2019-04-13,
2659,2019-04-14,
2660,2019-04-15,2.43
2661,2019-04-16,2.43
2662,2019-04-17,2.44
2663,2019-04-18,2.42
2664,2019-04-19,
2665,2019-04-20,
2666,2019-04-21,
2667,2019-04-22,2.44
2668,2019-04-23,2.45
2669,2019-04-24,2.44
2670,2019-04-25,2.43
2671,2019-04-26,2.42
2672,2019-04-27,
2673,2019-04-28,
2674,2019-04-29,2.44
2675,2019-04-30,2.43
2676,2019-05-01,2.43
2677,2019-05-02,2.47
2678,2019-05-03,2.43
2679,2019-05-04,
2680,2019-05-05,
2681,2019-05-06,2.44
2682,2019-05-07,2.43
2683,2019-05-08,2.43
2684,2019-05-09,2.43
2685,2019-05-10,2.43
2686,2019-05-11,
2687,2019-05-12,
2688,2019-05-13,2.41
2689,2019-05-14,2.41
2690,2019-05-15,2.42
2691,2019-05-16,2.4
2692,2019-05-17,2.39
2693,2019-05-18,
2694,2019-05-19,
2695,2019-05-20,2.39
2696,2019-05-21,2.39
2697,2019-05-22,2.38
2698,2019-05-23,2.37
2699,2019-05-24,2.35
2700,2019-05-25,
2701,2019-05-26,
2702,2019-05-27,
2703,2019-05-28,2.37
2704,2019-05-29,2.37
2705,2019-05-30,2.38
2706,2019-05-31,2.35
2707,2019-06-01,
2708,2019-06-02,
2709,2019-06-03,2.35
2710,2019-06-04,2.35
2711,2019-06-05,2.35
2712,2019-06-06,2.33
2713,2019-06-07,2.28
2714,2019-06-08,
2715,2019-06-09,
2716,2019-06-10,2.29
2717,2019-06-11,2.27
2718,2019-06-12,2.24
2719,2019-06-13,2.19
2720,2019-06-14,2.2
2721,2019-06-15,
2722,2019-06-16,
2723,2019-06-17,2.23
2724,2019-06-18,2.22
2725,2019-06-19,2.18
2726,2019-06-20,2.14
2727,2019-06-21,2.11
2728,2019-06-22,
2729,2019-06-23,
2730,2019-06-24,2.13
2731,2019-06-25,2.12
2732,2019-06-26,2.15
2733,2019-06-27,2.14
2734,2019-06-28,2.12
2735,2019-06-29,
2736,2019-06-30,
2737,2019-07-01,2.21
2738,2019-07-02,2.2
2739,2019-07-03,2.21
2740,2019-07-04,
2741,2019-07-05,2.23
2742,2019-07-06,
2743,2019-07-07,
2744,2019-07-08,2.26
2745,2019-07-09,2.26
2746,2019-07-10,2.2
2747,2019-07-11,2.17
2748,2019-07-12,2.14
2749,2019-07-13,
2750,2019-07-14,
2751,2019-07-15,2.16
2752,2019-07-16,2.15
2753,2019-07-17,2.14
2754,2019-07-18,2.05
2755,2019-07-19,2.06
2756,2019-07-20,
2757,2019-07-21,
2758,2019-07-22,2.09
2759,2019-07-23,2.06
2760,2019-07-24,2.1
2761,2019-07-25,2.1
2762,2019-07-26,2.12
2763,2019-07-27,
2764,2019-07-28,
2765,2019-07-29,2.12
2766,2019-07-30,2.08
2767,2019-07-31,2.08
2768,2019-08-01,2.07
2769,2019-08-02,2.06
2770,2019-08-03,
2771,2019-08-04,
2772,2019-08-05,2.05
2773,2019-08-06,2.05
2774,2019-08-07,2.02
2775,2019-08-08,2.02
2776,2019-08-09,2.0
2777,2019-08-10,
2778,2019-08-11,
2779,2019-08-12,2.0
2780,2019-08-13,2.0
2781,2019-08-14,1.96
2782,2019-08-15,1.91
2783,2019-08-16,1.87
2784,2019-08-17,
2785,2019-08-18,
2786,2019-08-19,1.94
2787,2019-08-20,1.94
2788,2019-08-21,1.97
2789,2019-08-22,2.0
2790,2019-08-23,1.97
2791,2019-08-24,
2792,2019-08-25,
2793,2019-08-26,2.01
2794,2019-08-27,1.98
2795,2019-08-28,1.99
2796,2019-08-29,1.99
2797,2019-08-30,1.99
2798,2019-08-31,
2799,2019-09-01,
2800,2019-09-02,
2801,2019-09-03,1.98
2802,2019-09-04,1.97
2803,2019-09-05,1.97
2804,2019-09-06,1.96
2805,2019-09-07,
2806,2019-09-08,
2807,2019-09-09,1.96
2808,2019-09-10,1.95
2809,2019-09-11,1.96
2810,2019-09-12,1.95
2811,2019-09-13,1.96
2812,2019-09-14,
2813,2019-09-15,
2814,2019-09-16,1.99
2815,2019-09-17,1.99
2816,2019-09-18,1.95
2817,2019-09-19,1.93
2818,2019-09-20,1.91
2819,2019-09-21,
2820,2019-09-22,
2821,2019-09-23,1.94
2822,2019-09-24,1.92
2823,2019-09-25,1.89
2824,2019-09-26,1.83
2825,2019-09-27,1.8
2826,2019-09-28,
2827,2019-09-29,
2828,2019-09-30,1.88
2829,2019-10-01,1.82
2830,2019-10-02,1.79
2831,2019-10-03,1.7
2832,2019-10-04,1.71
2833,2019-10-05,
2834,2019-10-06,
2835,2019-10-07,1.75
2836,2019-10-08,1.72
2837,2019-10-09,1.69
2838,2019-10-10,1.68
2839,2019-10-11,1.68
2840,2019-10-12,
2841,2019-10-13,
2842,2019-10-14,
2843,2019-10-15,1.67
2844,2019-10-16,1.66
2845,2019-10-17,1.66
2846,2019-10-18,1.66
2847,2019-10-19,
2848,2019-10-20,
2849,2019-10-21,1.67
2850,2019-10-22,1.65
2851,2019-10-23,1.65
2852,2019-10-24,1.67
2853,2019-10-25,1.66
2854,2019-10-26,
2855,2019-10-27,
2856,2019-10-28,1.65
2857,2019-10-29,1.63
2858,2019-10-30,1.62
2859,2019-10-31,1.54
2860,2019-11-01,1.52
2861,2019-11-02,
2862,2019-11-03,
2863,2019-11-04,1.53
2864,2019-11-05,1.56
2865,2019-11-06,1.56
2866,2019-11-07,1.56
2867,2019-11-08,1.55
2868,2019-11-09,
2869,2019-11-10,
2870,2019-11-11,
2871,2019-11-12,1.59
2872,2019-11-13,1.57
2873,2019-11-14,1.57
2874,2019-11-15,1.57
2875,2019-11-16,
2876,2019-11-17,
2877,2019-11-18,1.57
2878,2019-11-19,1.57
2879,2019-11-20,1.57
2880,2019-11-21,1.58
2881,2019-11-22,1.58
2882,2019-11-23,
2883,2019-11-24,
2884,2019-11-25,1.61
2885,2019-11-26,1.6
2886,2019-11-27,1.62
2887,2019-11-28,
2888,2019-11-29,1.59
2889,2019-11-30,
2890,2019-12-01,
2891,2019-12-02,1.6
2892,2019-12-03,1.57
2893,2019-12-04,1.55
2894,2019-12-05,1.54
2895,2019-12-06,1.53
2896,2019-12-07,
2897,2019-12-08,
2898,2019-12-09,1.54
2899,2019-12-10,1.56
2900,2019-12-11,1.57
2901,2019-12-12,1.56
2902,2019-12-13,1.57
2903,2019-12-14,
2904,2019-12-15,
2905,2019-12-16,1.57
2906,2019-12-17,1.56
2907,2019-12-18,1.56
2908,2019-12-19,1.57
2909,2019-12-20,1.58
2910,2019-12-21,
2911,2019-12-22,
2912,2019-12-23,1.59
2913,2019-12-24,1.58
2914,2019-12-25,
2915,2019-12-26,1.58
2916,2019-12-27,1.57
2917,2019-12-28,
2918,2019-12-29,
2919,2019-12-30,1.57
2920,2019-12-31,1.55
2921,2020-01-01,
2922,2020-01-02,1.54
2923,2020-01-03,1.52
2924,2020-01-04,
2925,2020-01-05,
2926,2020-01-06,1.56
2927,2020-01-07,1.54
2928,2020-01-08,1.54
2929,2020-01-09,1.54
2930,2020-01-10,1.54
2931,2020-01-11,
2932,2020-01-12,
2933,2020-01-13,1.57
2934,2020-01-14,1.57
2935,2020-01-15,1.57
2936,2020-01-16,1.55
2937,2020-01-17,1.56
2938,2020-01-18,
2939,2020-01-19,
2940,2020-01-20,
2941,2020-01-21,1.56
2942,2020-01-22,1.55
2943,2020-01-23,1.55
2944,2020-01-24,1.54
2945,2020-01-25,
2946,2020-01-26,
2947,2020-01-27,1.55
2948,2020-01-28,1.57
2949,2020-01-29,1.56
2950,2020-01-30,1.57
2951,2020-01-31,1.55
2952,2020-02-01,
2953,2020-02-02,
2954,2020-02-03,1.57
2955,2020-02-04,1.57
2956,2020-02-05,1.57
2957,2020-02-06,1.57
2958,2020-02-07,1.56
2959,2020-02-08,
2960,2020-02-09,
2961,2020-02-10,1.58
2962,2020-02-11,1.57
2963,2020-02-12,1.58
2964,2020-02-13,1.59
2965,2020-02-14,1.58
2966,2020-02-15,
2967,2020-02-16,
2968,2020-02-17,
2969,2020-02-18,1.58
2970,2020-02-19,1.58
2971,2020-02-20,1.58
2972,2020-02-21,1.56
2973,2020-02-22,
2974,2020-02-23,
2975,2020-02-24,1.53
2976,2020-02-25,1.53
2977,2020-02-26,1.53
2978,2020-02-27,1.45
2979,2020-02-28,1.27
2980,2020-02-29,
2981,2020-03-01,
2982,2020-03-02,1.13
2983,2020-03-03,0.95
2984,2020-03-04,0.72
2985,2020-03-05,0.62
2986,2020-03-06,0.45
2987,2020-03-07,
2988,2020-03-08,
2989,2020-03-09,0.33
2990,2020-03-10,0.44
2991,2020-03-11,0.42
2992,2020-03-12,0.33
2993,2020-03-13,0.28
2994,2020-03-14,
2995,2020-03-15,
2996,2020-03-16,0.24
2997,2020-03-17,0.19
2998,2020-03-18,0.02
2999,2020-03-19,0.04
3000,2020-03-20,0.05
3001,2020-03-21,
3002,2020-03-22,
3003,2020-03-23,0.02
3004,2020-03-24,0.01
3005,2020-03-25,0.0
3006,2020-03-26,0.0
3007,2020-03-27,0.03
3008,2020-03-28,
3009,2020-03-29,
3010,2020-03-30,0.12
3011,2020-03-31,0.11
3012,2020-04-01,0.09
3013,2020-04-02,0.09
3014,2020-04-03,0.1
3015,2020-04-04,
3016,2020-04-05,
3017,2020-04-06,0.15
3018,2020-04-07,0.14
3019,2020-04-08,0.22
3020,2020-04-09,0.25
3021,2020-04-10,
3022,2020-04-11,
3023,2020-04-12,
3024,2020-04-13,0.26
3025,2020-04-14,0.2
3026,2020-04-15,0.14
3027,2020-04-16,0.14
3028,2020-04-17,0.12
3029,2020-04-18,
3030,2020-04-19,
3031,2020-04-20,0.12
3032,2020-04-21,0.11
3033,2020-04-22,0.12
3034,2020-04-23,0.11
3035,2020-04-24,0.12
3036,2020-04-25,
3037,2020-04-26,
3038,2020-04-27,0.12
3039,2020-04-28,0.11
3040,2020-04-29,0.1
3041,2020-04-30,0.09
3042,2020-05-01,0.12
3043,2020-05-02,
3044,2020-05-03,
3045,2020-05-04,0.13
3046,2020-05-05,0.13
3047,2020-05-06,0.12
3048,2020-05-07,0.11
3049,2020-05-08,0.12
3050,2020-05-09,
3051,2020-05-10,
3052,2020-05-11,0.12
3053,2020-05-12,0.13
3054,2020-05-13,0.13
3055,2020-05-14,0.12
3056,2020-05-15,0.12
3057,2020-05-16,
3058,2020-05-17,
3059,2020-05-18,0.13
3060,2020-05-19,0.13
3061,2020-05-20,0.12
3062,2020-05-21,0.12
3063,2020-05-22,0.12
3064,2020-05-23,
3065,2020-05-24,
3066,2020-05-25,
3067,2020-05-26,0.14
3068,2020-05-27,0.15
3069,2020-05-28,0.15
3070,2020-05-29,0.14
3071,2020-05-30,
3072,2020-05-31,
3073,2020-06-01,0.14
3074,2020-06-02,0.15
3075,2020-06-03,0.16
3076,2020-06-04,0.15
3077,2020-06-05,0.15
3078,2020-06-06,
3079,2020-06-07,
3080,2020-06-08,0.17
3081,2020-06-09,0.19
3082,2020-06-10,0.17
3083,2020-06-11,0.17
3084,2020-06-12,0.16
3085,2020-06-13,
3086,2020-06-14,
3087,2020-06-15,0.18
3088,2020-06-16,0.17
3089,2020-06-17,0.17
3090,2020-06-18,0.16
3091,2020-06-19,0.15
3092,2020-06-20,
3093,2020-06-21,
3094,2020-06-22,0.16
3095,2020-06-23,0.16
3096,2020-06-24,0.15
3097,2020-06-25,0.16
3098,2020-06-26,0.14
3099,2020-06-27,
3100,2020-06-28,
3101,2020-06-29,0.14
3102,2020-06-30,0.16
3103,2020-07-01,0.14
3104,2020-07-02,0.14
3105,2020-07-03,
3106,2020-07-04,
3107,2020-07-05,
3108,2020-07-06,0.15
3109,2020-07-07,0.15
3110,2020-07-08,0.15
3111,2020-07-09,0.13
3112,2020-07-10,0.13
3113,2020-07-11,
3114,2020-07-12,
3115,2020-07-13,0.14
3116,2020-07-14,0.15
3117,2020-07-15,0.16
3118,2020-07-16,0.11
3119,2020-07-17,0.11
3120,2020-07-18,
3121,2020-07-19,
3122,2020-07-20,0.13
3123,2020-07-21,0.13
3124,2020-07-22,0.13
3125,2020-07-23,0.12
3126,2020-07-24,0.11
3127,2020-07-25,
3128,2020-07-26,
3129,2020-07-27,0.11
3130,2020-07-28,0.11
3131,2020-07-29,0.11
3132,2020-07-30,0.09
3133,2020-07-31,0.09
3134,2020-08-01,
3135,2020-08-02,
3136,2020-08-03,0.1
3137,2020-08-04,0.09
3138,2020-08-05,0.1
3139,2020-08-06,0.1
3140,2020-08-07,0.1
3141,2020-08-08,
3142,2020-08-09,
3143,2020-08-10,0.11
3144,2020-08-11,0.11
3145,2020-08-12,0.11
3146,2020-08-13,0.1
3147,2020-08-14,0.1
3148,2020-08-15,
3149,2020-08-16,
3150,2020-08-17,0.1
3151,2020-08-18,0.09
3152,2020-08-19,0.11
3153,2020-08-20,0.11
3154,2020-08-21,0.1
3155,2020-08-22,
3156,2020-08-23,
3157,2020-08-24,0.12
3158,2020-08-25,0.11
3159,2020-08-26,0.11
3160,2020-08-27,0.11
3161,2020-08-28,0.1
3162,2020-08-29,
3163,2020-08-30,
3164,2020-08-31,0.11
3165,2020-09-01,0.12
3166,2020-09-02,0.12
3167,2020-09-03,0.11
3168,2020-09-04,0.11
3169,2020-09-05,
3170,2020-09-06,
3171,2020-09-07,
3172,2020-09-08,0.13
3173,2020-09-09,0.12
3174,2020-09-10,0.12
3175,2020-09-11,0.11
3176,2020-09-12,
3177,2020-09-13,
3178,2020-09-14,0.11
3179,2020-09-15,0.11
3180,2020-09-16,0.12
3181,2020-09-17,0.09
3182,2020-09-18,0.1
3183,2020-09-19,
3184,2020-09-20,
3185,2020-09-21,0.1
3186,2020-09-22,0.1
3187,2020-09-23,0.11
3188,2020-09-24,0.1
3189,2020-09-25,0.1
3190,2020-09-26,
3191,2020-09-27,
3192,2020-09-28,0.11
3193,2020-09-29,0.09
3194,2020-09-30,0.1
3195,2020-10-01,0.09
3196,2020-10-02,0.09
3197,2020-10-03,
3198,2020-10-04,
3199,2020-10-05,0.1
3200,2020-10-06,0.1
3201,2020-10-07,0.1
3202,2020-10-08,0.09
3203,2020-10-09,0.1
3204,2020-10-10,
3205,2020-10-11,
3206,2020-10-12,
3207,2020-10-13,0.11
3208,2020-10-14,0.12
3209,2020-10-15,0.11
3210,2020-10-16,0.11
3211,2020-10-17,
3212,2020-10-18,
3213,2020-10-19,0.11
3214,2020-10-20,0.1
3215,2020-10-21,0.1
3216,2020-10-22,0.09
3217,2020-10-23,0.1
3218,2020-10-24,
3219,2020-10-25,
3220,2020-10-26,0.11
3221,2020-10-27,0.1
3222,2020-10-28,0.1
3223,2020-10-29,0.09
3224,2020-10-30,0.09
3225,2020-10-31,
3226,2020-11-01,
3227,2020-11-02,0.09
3228,2020-11-03,0.1
3229,2020-11-04,0.1
3230,2020-11-05,0.1
3231,2020-11-06,0.1
3232,2020-11-07,
3233,2020-11-08,
3234,2020-11-09,0.11
3235,2020-11-10,0.1
3236,2020-11-11,
3237,2020-11-12,0.1
3238,2020-11-13,0.09
3239,2020-11-14,
3240,2020-11-15,
3241,2020-11-16,0.09
3242,2020-11-17,0.09
3243,2020-11-18,0.09
3244,2020-11-19,0.07
3245,2020-11-20,0.07
3246,2020-11-21,
3247,2020-11-22,
3248,2020-11-23,0.08
3249,2020-11-24,0.09
3250,2020-11-25,0.09
3251,2020-11-26,
3252,2020-11-27,0.09
3253,2020-11-28,
3254,2020-11-29,
3255,2020-11-30,0.08
3256,2020-12-01,0.09
3257,2020-12-02,0.09
3258,2020-12-03,0.08
3259,2020-12-04,0.09
3260,2020-12-05,
3261,2020-12-06,
3262,2020-12-07,0.08
3263,2020-12-08,0.09
3264,2020-12-09,0.08
3265,2020-12-10,0.08
3266,2020-12-11,0.08
3267,2020-12-12,
3268,2020-12-13,
3269,2020-12-14,0.09
3270,2020-12-15,0.08
3271,2020-12-16,0.09
3272,2020-12-17,0.08
3273,2020-12-18,0.08
3274,2020-12-19,
3275,2020-12-20,
3276,2020-12-21,0.09
3277,2020-12-22,0.09
3278,2020-12-23,0.09
3279,2020-12-24,0.09
3280,2020-12-25,
3281,2020-12-26,
3282,2020-12-27,
3283,2020-12-28,0.11
3284,2020-12-29,0.1
3285,2020-12-30,0.08
3286,2020-12-31,0.09
3287,2021-01-01,
3288,2021-01-02,
3289,2021-01-03,
3290,2021-01-04,0.09
3291,2021-01-05,0.09
3292,2021-01-06,0.09
3293,2021-01-07,0.09
3294,2021-01-08,0.08
3295,2021-01-09,
3296,2021-01-10,
3297,2021-01-11,0.08
3298,2021-01-12,0.09
3299,2021-01-13,0.09
3300,2021-01-14,0.09
3301,2021-01-15,0.09
3302,2021-01-16,
3303,2021-01-17,
3304,2021-01-18,
3305,2021-01-19,0.09
3306,2021-01-20,0.08
3307,2021-01-21,0.09
3308,2021-01-22,0.08
3309,2021-01-23,
3310,2021-01-24,
3311,2021-01-25,0.09
3312,2021-01-26,0.07
3313,2021-01-27,0.08
3314,2021-01-28,0.07
3315,2021-01-29,0.06
3316,2021-01-30,
3317,2021-01-31,
3318,2021-02-01,0.07
3319,2021-02-02,0.07
3320,2021-02-03,0.04
3321,2021-02-04,0.04
3322,2021-02-05,0.03
3323,2021-02-06,
3324,2021-02-07,
3325,2021-02-08,0.05
3326,2021-02-09,0.04
3327,2021-02-10,0.05
3328,2021-02-11,0.05
3329,2021-02-12,0.04
3330,2021-02-13,
3331,2021-02-14,
3332,2021-02-15,
3333,2021-02-16,0.04
3334,2021-02-17,0.04
3335,2021-02-18,0.03
3336,2021-02-19,0.04
3337,2021-02-20,
3338,2021-02-21,
3339,2021-02-22,0.03
3340,2021-02-23,0.04
3341,2021-02-24,0.03
3342,2021-02-25,0.04
3343,2021-02-26,0.04
3344,2021-02-27,
3345,2021-02-28,
3346,2021-03-01,0.05
3347,2021-03-02,0.04
3348,2021-03-03,0.05
3349,2021-03-04,0.04
3350,2021-03-05,0.04
3351,2021-03-06,
3352,2021-03-07,
3353,2021-03-08,0.05
3354,2021-03-09,0.05
3355,2021-03-10,0.04
3356,2021-03-11,0.04
3357,2021-03-12,0.04
3358,2021-03-13,
3359,2021-03-14,
3360,2021-03-15,0.04
3361,2021-03-16,0.02
3362,2021-03-17,0.02
3363,2021-03-18,0.01
3364,2021-03-19,0.01
3365,2021-03-20,
3366,2021-03-21,
3367,2021-03-22,0.03
3368,2021-03-23,0.01
3369,2021-03-24,0.02
3370,2021-03-25,0.02
3371,2021-03-26,0.02
3372,2021-03-27,
3373,2021-03-28,
3374,2021-03-29,0.03
3375,2021-03-30,0.02
3376,2021-03-31,0.03
3377,2021-04-01,0.02
3378,2021-04-02,0.02
3379,2021-04-03,
3380,2021-04-04,
3381,2021-04-05,0.03
3382,2021-04-06,0.02
3383,2021-04-07,0.02
3384,2021-04-08,0.01
3385,2021-04-09,0.02
3386,2021-04-10,
3387,2021-04-11,
3388,2021-04-12,0.02
3389,2021-04-13,0.03
3390,2021-04-14,0.02
3391,2021-04-15,0.02
3392,2021-04-16,0.02
3393,2021-04-17,
3394,2021-04-18,
3395,2021-04-19,0.02
3396,2021-04-20,0.03
3397,2021-04-21,0.03
3398,2021-04-22,0.03
3399,2021-04-23,0.03
3400,2021-04-24,
3401,2021-04-25,
3402,2021-04-26,0.03
3403,2021-04-27,0.01
3404,2021-04-28,0.01
3405,2021-04-29,0.01
3406,2021-04-30,0.01
3407,2021-05-01,
3408,2021-05-02,
3409,2021-05-03,0.04
3410,2021-05-04,0.02
3411,2021-05-05,0.02
3412,2021-05-06,0.02
3413,2021-05-07,0.02
3414,2021-05-08,
3415,2021-05-09,
3416,2021-05-10,0.02
3417,2021-05-11,0.01
3418,2021-05-12,0.02
3419,2021-05-13,0.02
3420,2021-05-14,0.01
3421,2021-05-15,
3422,2021-05-16,
3423,2021-05-17,0.02
3424,2021-05-18,0.02
3425,2021-05-19,0.01
3426,2021-05-20,0.01
3427,2021-05-21,0.01
3428,2021-05-22,
3429,2021-05-23,
3430,2021-05-24,0.02
3431,2021-05-25,0.02
3432,2021-05-26,0.02
3433,2021-05-27,0.02
3434,2021-05-28,0.01
3435,2021-05-29,
3436,2021-05-30,
3437,2021-05-31,
3438,2021-06-01,0.02
3439,2021-06-02,0.02
3440,2021-06-03,0.02
3441,2021-06-04,0.02
3442,2021-06-05,
3443,2021-06-06,
3444,2021-06-07,0.02
3445,2021-06-08,0.02
3446,2021-06-09,0.03
3447,2021-06-10,0.03
3448,2021-06-11,0.03
3449,2021-06-12,
3450,2021-06-13,
3451,2021-06-14,0.03
3452,2021-06-15,0.03
3453,2021-06-16,0.04
3454,2021-06-17,0.04
3455,2021-06-18,0.05
3456,2021-06-19,
3457,2021-06-20,
3458,2021-06-21,0.05
3459,2021-06-22,0.04
3460,2021-06-23,0.05
3461,2021-06-24,0.05
3462,2021-06-25,0.06
3463,2021-06-26,
3464,2021-06-27,
3465,2021-06-28,0.05
3466,2021-06-29,0.04
3467,2021-06-30,0.05
3468,2021-07-01,0.05
3469,2021-07-02,0.05
3470,2021-07-03,
3471,2021-07-04,
3472,2021-07-05,
3473,2021-07-06,0.05
3474,2021-07-07,0.05
3475,2021-07-08,0.06
3476,2021-07-09,0.06
3477,2021-07-10,
3478,2021-07-11,
3479,2021-07-12,0.05
3480,2021-07-13,0.05
3481,2021-07-14,0.06
3482,2021-07-15,0.05
3483,2021-07-16,0.05
3484,2021-07-17,
3485,2021-07-18,
3486,2021-07-19,0.05
3487,2021-07-20,0.05
3488,2021-07-21,0.05
3489,2021-07-22,0.05
3490,2021-07-23,0.05
3491,2021-07-24,
3492,2021-07-25,
3493,2021-07-26,0.05
3494,2021-07-27,0.05
3495,2021-07-28,0.05
3496,2021-07-29,0.06
3497,2021-07-30,0.06
3498,2021-07-31,
3499,2021-08-01,
3500,2021-08-02,0.05
3501,2021-08-03,0.05
3502,2021-08-04,0.05
3503,2021-08-05,0.05
3504,2021-08-06,0.06
3505,2021-08-07,
3506,2021-08-08,
3507,2021-08-09,0.06
3508,2021-08-10,0.05
3509,2021-08-11,0.05
3510,2021-08-12,0.06
3511,2021-08-13,0.06
3512,2021-08-14,
3513,2021-08-15,
3514,2021-08-16,0.06
3515,2021-08-17,0.07
3516,2021-08-18,0.07
3517,2021-08-19,0.06
3518,2021-08-20,0.05
3519,2021-08-21,
3520,2021-08-22,
3521,2021-08-23,0.05
3522,2021-08-24,0.05
3523,2021-08-25,0.06
3524,2021-08-26,0.05
3525,2021-08-27,0.05
3526,2021-08-28,
3527,2021-08-29,
3528,2021-08-30,0.05
3529,2021-08-31,0.04
3530,2021-09-01,0.05
3531,2021-09-02,0.05
3532,2021-09-03,0.05
3533,2021-09-04,
3534,2021-09-05,
3535,2021-09-06,
3536,2021-09-07,0.05
3537,2021-09-08,0.05
3538,2021-09-09,0.04
3539,2021-09-10,0.05
3540,2021-09-11,
3541,2021-09-12,
3542,2021-09-13,0.06
3543,2021-09-14,0.04
3544,2021-09-15,0.04
3545,2021-09-16,0.04
3546,2021-09-17,0.04
3547,2021-09-18,
3548,2021-09-19,
3549,2021-09-20,0.04
3550,2021-09-21,0.03
3551,2021-09-22,0.03
3552,2021-09-23,0.03
3553,2021-09-24,0.03
3554,2021-09-25,
3555,2021-09-26,
3556,2021-09-27,0.04
3557,2021-09-28,0.04
3558,2021-09-29,0.04
3559,2021-09-30,0.04
3560,2021-10-01,0.04
3561,2021-10-02,
3562,2021-10-03,
3563,2021-10-04,0.04
3564,2021-10-05,0.04
3565,2021-10-06,0.04
3566,2021-10-07,0.05
3567,2021-10-08,0.05
3568,2021-10-09,
3569,2021-10-10,
3570,2021-10-11,
3571,2021-10-12,0.06
3572,2021-10-13,0.05
3573,2021-10-14,0.05
3574,2021-10-15,0.05
3575,2021-10-16,
3576,2021-10-17,
3577,2021-10-18,0.06
3578,2021-10-19,0.05
3579,2021-10-20,0.05
3580,2021-10-21,0.06
3581,2021-10-22,0.06
3582,2021-10-23,
3583,2021-10-24,
3584,2021-10-25,0.06
3585,2021-10-26,0.06
3586,2021-10-27,0.06
3587,2021-10-28,0.06
3588,2021-10-29,0.05
3589,2021-10-30,
3590,2021-10-31,
3591,2021-11-01,0.05
3592,2021-11-02,0.05
3593,2021-11-03,0.05
3594,2021-11-04,0.04
3595,2021-11-05,0.05
3596,2021-11-06,
3597,2021-11-07,
3598,2021-11-08,0.06
3599,2021-11-09,0.04
3600,2021-11-10,0.05
3601,2021-11-11,
3602,2021-11-12,0.05
3603,2021-11-13,
3604,2021-11-14,
3605,2021-11-15,0.05
3606,2021-11-16,0.05
3607,2021-11-17,0.05
3608,2021-11-18,0.05
3609,2021-11-19,0.05
3610,2021-11-20,
3611,2021-11-21,
3612,2021-11-22,0.05
3613,2021-11-23,0.06
3614,2021-11-24,0.06
3615,2021-11-25,
3616,2021-11-26,0.06
3617,2021-11-27,
3618,2021-11-28,
3619,2021-11-29,0.06
3620,2021-11-30,0.05
3621,2021-12-01,0.06
3622,2021-12-02,0.05
3623,2021-12-03,0.06
3624,2021-12-04,
3625,2021-12-05,
3626,2021-12-06,0.05
3627,2021-12-07,0.06
3628,2021-12-08,0.07
3629,2021-12-09,0.06
3630,2021-12-10,0.06
3631,2021-12-11,
3632,2021-12-12,
3633,2021-12-13,0.05
3634,2021-12-14,0.05
3635,2021-12-15,0.05
3636,2021-12-16,0.05
3637,2021-12-17,0.05
3638,2021-12-18,
3639,2021-12-19,
3640,2021-12-20,0.07
3641,2021-12-21,0.07
3642,2021-12-22,0.08
3643,2021-12-23,0.07
3644,2021-12-24,
3645,2021-12-25,
3646,2021-12-26,
3647,2021-12-27,0.06
3648,2021-12-28,0.06
3649,2021-12-29,0.05
3650,2021-12-30,0.05
3651,2021-12-31,0.06
3652,2022-01-01,
3653,2022-01-02,
3654,2022-01-03,0.08
3655,2022-01-04,0.08
3656,2022-01-05,0.09
3657,2022-01-06,0.1
3658,2022-01-07,0.1
3659,2022-01-08,
3660,2022-01-09,
3661,2022-01-10,0.13
3662,2022-01-11,0.11
3663,2022-01-12,0.12
3664,2022-01-13,0.12
3665,2022-01-14,0.13
3666,2022-01-15,
3667,2022-01-16,
3668,2022-01-17,
3669,2022-01-18,0.16
3670,2022-01-19,0.17
3671,2022-01-20,0.17
3672,2022-01-21,0.17
3673,2022-01-22,
3674,2022-01-23,
3675,2022-01-24,0.19
3676,2022-01-25,0.19
3677,2022-01-26,0.19
3678,2022-01-27,0.2
3679,2022-01-28,0.19
3680,2022-01-29,
3681,2022-01-30,
3682,2022-01-31,0.22
3683,2022-02-01,0.19
3684,2022-02-02,0.19
3685,2022-02-03,0.2
3686,2022-02-04,0.23
3687,2022-02-05,
3688,2022-02-06,
3689,2022-02-07,0.27
3690,2022-02-08,0.25
3691,2022-02-09,0.26
3692,2022-02-10,0.4
3693,2022-02-11,0.36
3694,2022-02-12,
3695,2022-02-13,
3696,2022-02-14,0.43
3697,2022-02-15,0.4
3698,2022-02-16,0.38
3699,2022-02-17,0.36
3700,2022-02-18,0.35
3701,2022-02-19,
3702,2022-02-20,
3703,2022-02-21,
3704,2022-02-22,0.37
3705,2022-02-23,0.34
3706,2022-02-24,0.32
3707,2022-02-25,0.33
3708,2022-02-26,
3709,2022-02-27,
3710,2022-02-28,0.35
3711,2022-03-01,0.32
3712,2022-03-02,0.34
3713,2022-03-03,0.38
3714,2022-03-04,0.34
3715,2022-03-05,
3716,2022-03-06,
3717,2022-03-07,0.38
3718,2022-03-08,0.36
3719,2022-03-09,0.38
3720,2022-03-10,0.39
3721,2022-03-11,0.4
3722,2022-03-12,
3723,2022-03-13,
3724,2022-03-14,0.45
3725,2022-03-15,0.46
3726,2022-03-16,0.44
3727,2022-03-17,0.4
3728,2022-03-18,0.42
3729,2022-03-19,
3730,2022-03-20,
3731,2022-03-21,0.54
3732,2022-03-22,0.51
3733,2022-03-23,0.5
3734,2022-03-24,0.52
3735,2022-03-25,0.55
3736,2022-03-26,
3737,2022-03-27,
3738,2022-03-28,0.59
3739,2022-03-29,0.55
3740,2022-03-30,0.55
3741,2022-03-31,0.52
3742,2022-04-01,0.53
3743,2022-04-02,
3744,2022-04-03,
3745,2022-04-04,0.66
3746,2022-04-05,0.65
3747,2022-04-06,0.67
3748,2022-04-07,0.68
3749,2022-04-08,0.7
3750,2022-04-09,
3751,2022-04-10,
3752,2022-04-11,0.77
3753,2022-04-12,0.74
3754,2022-04-13,0.75
3755,2022-04-14,0.79
3756,2022-04-15,
3757,2022-04-16,
3758,2022-04-17,
3759,2022-04-18,0.81
3760,2022-04-19,0.81
3761,2022-04-20,0.82
3762,2022-04-21,0.83
3763,2022-04-22,0.83
3764,2022-04-23,
3765,2022-04-24,
3766,2022-04-25,0.91
3767,2022-04-26,0.83
3768,2022-04-27,0.82
3769,2022-04-28,0.82
3770,2022-04-29,0.85
3771,2022-04-30,
3772,2022-05-01,
3773,2022-05-02,0.9
3774,2022-05-03,0.91
3775,2022-05-04,0.89
3776,2022-05-05,0.85
3777,2022-05-06,0.85
3778,2022-05-07,
3779,2022-05-08,
3780,2022-05-09,0.92
3781,2022-05-10,0.89
3782,2022-05-11,0.91
3783,2022-05-12,0.96
3784,2022-05-13,1.03
3785,2022-05-14,
3786,2022-05-15,
3787,2022-05-16,1.07
3788,2022-05-17,1.06
3789,2022-05-18,1.03
3790,2022-05-19,1.05
3791,2022-05-20,1.03
3792,2022-05-21,
3793,2022-05-22,
3794,2022-05-23,1.07
3795,2022-05-24,1.06
3796,2022-05-25,1.06
3797,2022-05-26,1.07
3798,2022-05-27,1.08
3799,2022-05-28,
3800,2022-05-29,
3801,2022-05-30,
3802,2022-05-31,1.16
3803,2022-06-01,1.15
3804,2022-06-02,1.17
3805,2022-06-03,1.21
3806,2022-06-04,
3807,2022-06-05,
3808,2022-06-06,1.26
3809,2022-06-07,1.26
3810,2022-06-08,1.28
3811,2022-06-09,1.3
3812,2022-06-10,1.39
3813,2022-06-11,
3814,2022-06-12,
3815,2022-06-13,1.73
3816,2022-06-14,1.83
3817,2022-06-15,1.74
3818,2022-06-16,1.59
3819,2022-06-17,1.63
3820,2022-06-18,
3821,2022-06-19,
3822,2022-06-20,
3823,2022-06-21,1.7
3824,2022-06-22,1.61
3825,2022-06-23,1.65
3826,2022-06-24,1.73
3827,2022-06-25,
3828,2022-06-26,
3829,2022-06-27,1.79
3830,2022-06-28,1.79
3831,2022-06-29,1.78
3832,2022-06-30,1.72
3833,2022-07-01,1.73
3834,2022-07-02,
3835,2022-07-03,
3836,2022-07-04,
3837,2022-07-05,1.9
3838,2022-07-06,1.9
3839,2022-07-07,1.95
3840,2022-07-08,1.98
3841,2022-07-09,
3842,2022-07-10,
3843,2022-07-11,2.18
3844,2022-07-12,2.22
3845,2022-07-13,2.39
3846,2022-07-14,2.4
3847,2022-07-15,2.37
3848,2022-07-16,
3849,2022-07-17,
3850,2022-07-18,2.5
3851,2022-07-19,2.52
3852,2022-07-20,2.51
3853,2022-07-21,2.48
3854,2022-07-22,2.49
3855,2022-07-23,
3856,2022-07-24,
3857,2022-07-25,2.62
3858,2022-07-26,2.55
3859,2022-07-27,2.44
3860,2022-07-28,2.42
3861,2022-07-29,2.41
3862,2022-07-30,
3863,2022-07-31,
3864,2022-08-01,2.56
3865,2022-08-02,2.56
3866,2022-08-03,2.52
3867,2022-08-04,2.5
3868,2022-08-05,2.58
3869,2022-08-06,
3870,2022-08-07,
3871,2022-08-08,2.65
3872,2022-08-09,2.67
3873,2022-08-10,2.65
3874,2022-08-11,2.62
3875,2022-08-12,2.63
3876,2022-08-13,
3877,2022-08-14,
3878,2022-08-15,2.72
3879,2022-08-16,2.7
3880,2022-08-17,2.68
3881,2022-08-18,2.71
3882,2022-08-19,2.74
3883,2022-08-20,
3884,2022-08-21,
3885,2022-08-22,2.82
3886,2022-08-23,2.8
3887,2022-08-24,2.82
3888,2022-08-25,2.88
3889,2022-08-26,2.89
3890,2022-08-27,
3891,2022-08-28,
3892,2022-08-29,2.97
3893,2022-08-30,2.97
3894,2022-08-31,2.96
3895,2022-09-01,2.97
3896,2022-09-02,2.94
3897,2022-09-03,
3898,2022-09-04,
3899,2022-09-05,
3900,2022-09-06,3.04
3901,2022-09-07,3.07
3902,2022-09-08,3.06
3903,2022-09-09,3.08
3904,2022-09-10,
3905,2022-09-11,
3906,2022-09-12,3.17
3907,2022-09-13,3.28
3908,2022-09-14,3.24
3909,2022-09-15,3.22
3910,2022-09-16,3.2
3911,2022-09-17,
3912,2022-09-18,
3913,2022-09-19,3.37
3914,2022-09-20,3.35
3915,2022-09-21,3.31
3916,2022-09-22,3.29
3917,2022-09-23,3.24
3918,2022-09-24,
3919,2022-09-25,
3920,2022-09-26,3.39
3921,2022-09-27,3.35
3922,2022-09-28,3.4
3923,2022-09-29,3.36
3924,2022-09-30,3.33
3925,2022-10-01,
3926,2022-10-02,
3927,2022-10-03,3.46
3928,2022-10-04,3.45
3929,2022-10-05,3.46
3930,2022-10-06,3.46
3931,2022-10-07,3.45
3932,2022-10-08,
3933,2022-10-09,
3934,2022-10-10,
3935,2022-10-11,3.67
3936,2022-10-12,3.7
3937,2022-10-13,3.79
3938,2022-10-14,3.81
3939,2022-10-15,
3940,2022-10-16,
3941,2022-10-17,3.97
3942,2022-10-18,4.04
3943,2022-10-19,4.07
3944,2022-10-20,4.09
3945,2022-10-21,4.09
3946,2022-10-22,
3947,2022-10-23,
3948,2022-10-24,4.16
3949,2022-10-25,4.14
3950,2022-10-26,4.11
3951,2022-10-27,4.13
3952,2022-10-28,4.18
3953,2022-10-29,
3954,2022-10-30,
3955,2022-10-31,4.22
3956,2022-11-01,4.23
3957,2022-11-02,4.22
3958,2022-11-03,4.25
3959,2022-11-04,4.21
3960,2022-11-05,
3961,2022-11-06,
3962,2022-11-07,4.29
3963,2022-11-08,4.28
3964,2022-11-09,4.29
3965,2022-11-10,4.28
3966,2022-11-11,
3967,2022-11-12,
3968,2022-11-13,
3969,2022-11-14,4.34
3970,2022-11-15,4.31
3971,2022-11-16,4.32
3972,2022-11-17,4.32
3973,2022-11-18,4.34
3974,2022-11-19,
3975,2022-11-20,
3976,2022-11-21,4.41
3977,2022-11-22,4.4
3978,2022-11-23,4.4
3979,2022-11-24,
3980,2022-11-25,4.41
3981,2022-11-26,
3982,2022-11-27,
3983,2022-11-28,4.41
3984,2022-11-29,4.38
3985,2022-11-30,4.37
3986,2022-12-01,4.33
3987,2022-12-02,4.34
3988,2022-12-03,
3989,2022-12-04,
3990,2022-12-05,4.36
3991,2022-12-06,4.37
3992,2022-12-07,4.29
3993,2022-12-08,4.28
3994,2022-12-09,4.31
3995,2022-12-10,
3996,2022-12-11,
3997,2022-12-12,4.38
3998,2022-12-13,4.35
3999,2022-12-14,4.33
4000,2022-12-15,4.34
4001,2022-12-16,4.31
4002,2022-12-17,
4003,2022-12-18,
4004,2022-12-19,4.37
4005,2022-12-20,4.35
4006,2022-12-21,4.33
4007,2022-12-22,4.35
4008,2022-12-23,4.34
4009,2022-12-24,
4010,2022-12-25,
4011,2022-12-26,
4012,2022-12-27,4.46
4013,2022-12-28,4.46
4014,2022-12-29,4.45
4015,2022-12-30,4.42
4016,2022-12-31,
4017,2023-01-01,
4018,2023-01-02,
4019,2023-01-03,4.53
4020,2023-01-04,4.55
4021,2023-01-05,4.66
4022,2023-01-06,4.67
4023,2023-01-07,
4024,2023-01-08,
4025,2023-01-09,4.7
4026,2023-01-10,4.73
4027,2023-01-11,4.72
4028,2023-01-12,4.66
4029,2023-01-13,4.67
4030,2023-01-14,
4031,2023-01-15,
4032,2023-01-16,
4033,2023-01-17,4.71
4034,2023-01-18,4.69
4035,2023-01-19,4.71
4036,2023-01-20,4.72
4037,2023-01-21,
4038,2023-01-22,
4039,2023-01-23,4.73
4040,2023-01-24,4.72
4041,2023-01-25,4.72
4042,2023-01-26,4.71
4043,2023-01-27,4.73
4044,2023-01-28,
4045,2023-01-29,
4046,2023-01-30,4.72
4047,2023-01-31,4.7
4048,2023-02-01,4.66
4049,2023-02-02,4.66
4050,2023-02-03,4.7
4051,2023-02-04,
4052,2023-02-05,
4053,2023-02-06,4.71
4054,2023-02-07,4.71
4055,2023-02-08,4.72
4056,2023-02-09,4.77
4057,2023-02-10,4.79
4058,2023-02-11,
4059,2023-02-12,
4060,2023-02-13,4.81
4061,2023-02-14,4.8
4062,2023-02-15,4.79
4063,2023-02-16,4.84
4064,2023-02-17,4.84
